Timestamp,Source IP Address,Destination IP Address,Source Port,Destination Port,Protocol,Packet Length,Anomaly Scores,Malware Indicators
2025-01-01 00:00:00,192.168.1.103,10.0.0.157,63576,8080,ICMP,917,0.46,malware_detected
2025-01-01 00:01:00,192.168.1.180,10.0.0.141,55563,3389,UDP,447,0.41,None
2025-01-01 00:02:00,192.168.1.93,10.0.0.46,12942,443,ICMP,1211,0.72,None
2025-01-01 00:03:00,192.168.1.15,10.0.0.35,62010,8080,ICMP,724,0.38,None
2025-01-01 00:04:00,192.168.1.107,10.0.0.253,54169,22,UDP,1994,0.49,None
2025-01-01 00:05:00,192.168.1.72,10.0.0.134,26088,443,ICMP,436,0.43,malware_detected
2025-01-01 00:06:00,192.168.1.189,10.0.0.82,58220,80,ICMP,160,0.74,None
2025-01-01 00:07:00,192.168.1.21,10.0.0.115,47641,80,ICMP,663,0.86,None
2025-01-01 00:08:00,192.168.1.103,10.0.0.197,58414,8080,TCP,66,0.53,None
2025-01-01 00:09:00,192.168.1.122,10.0.0.47,28959,443,UDP,1853,0.79,None
2025-01-01 00:10:00,192.168.1.211,10.0.0.153,38665,3389,UDP,1255,0.3,None
2025-01-01 00:11:00,192.168.1.215,10.0.0.194,30735,3389,UDP,933,0.54,None
2025-01-01 00:12:00,192.168.1.75,10.0.0.10,5830,445,TCP,1609,0.35,malware_detected
2025-01-01 00:13:00,192.168.1.203,10.0.0.56,42384,80,TCP,590,0.41,None
2025-01-01 00:14:00,192.168.1.88,10.0.0.30,13206,21,UDP,220,0.73,None
2025-01-01 00:15:00,192.168.1.117,10.0.0.242,23321,445,TCP,458,0.88,malware_detected
2025-01-01 00:16:00,192.168.1.100,10.0.0.251,57300,3389,UDP,789,0.12,None
2025-01-01 00:17:00,192.168.1.104,10.0.0.109,20565,443,TCP,1451,0.63,malware_detected
2025-01-01 00:18:00,192.168.1.152,10.0.0.5,29945,53,ICMP,1261,0.58,malware_detected
2025-01-01 00:19:00,192.168.1.131,10.0.0.119,17798,3389,ICMP,907,0.12,None
2025-01-01 00:20:00,192.168.1.150,10.0.0.248,45837,443,UDP,279,0.21,None
2025-01-01 00:21:00,192.168.1.53,10.0.0.33,38222,445,TCP,1906,0.31,None
2025-01-01 00:22:00,192.168.1.2,10.0.0.118,9844,80,TCP,1925,0.17,malware_detected
2025-01-01 00:23:00,192.168.1.88,10.0.0.65,25094,3389,ICMP,168,0.24,None
2025-01-01 00:24:00,192.168.1.236,10.0.0.146,5256,8080,ICMP,1229,0.27,None
2025-01-01 00:25:00,192.168.1.158,10.0.0.224,12146,443,TCP,833,0.34,malware_detected
2025-01-01 00:26:00,192.168.1.38,10.0.0.239,16047,80,TCP,1760,0.75,malware_detected
2025-01-01 00:27:00,192.168.1.130,10.0.0.177,9031,53,TCP,514,0.57,None
2025-01-01 00:28:00,192.168.1.192,10.0.0.11,18929,53,TCP,153,0.99,None
2025-01-01 00:29:00,192.168.1.188,10.0.0.85,42810,21,TCP,1677,0.41,malware_detected
2025-01-01 00:30:00,192.168.1.21,10.0.0.26,30422,443,TCP,747,0.75,None
2025-01-01 00:31:00,192.168.1.161,10.0.0.63,35292,445,UDP,1868,0.87,malware_detected
2025-01-01 00:32:00,192.168.1.204,10.0.0.217,7761,21,TCP,1575,0.68,None
2025-01-01 00:33:00,192.168.1.58,10.0.0.86,37086,21,ICMP,1766,0.41,None
2025-01-01 00:34:00,192.168.1.22,10.0.0.59,55261,22,UDP,1755,0.75,None
2025-01-01 00:35:00,192.168.1.253,10.0.0.27,52595,3389,TCP,1772,0.2,None
2025-01-01 00:36:00,192.168.1.236,10.0.0.177,26534,443,ICMP,224,0.33,None
2025-01-01 00:37:00,192.168.1.89,10.0.0.205,20450,21,UDP,1807,0.55,None
2025-01-01 00:38:00,192.168.1.49,10.0.0.161,38289,22,ICMP,794,0.58,None
2025-01-01 00:39:00,192.168.1.219,10.0.0.98,18874,445,TCP,1747,0.02,None
2025-01-01 00:40:00,192.168.1.59,10.0.0.105,53737,80,TCP,1494,0.95,None
2025-01-01 00:41:00,192.168.1.170,10.0.0.99,1638,8080,TCP,1207,0.7,None
2025-01-01 00:42:00,192.168.1.220,10.0.0.129,22800,8080,TCP,1464,0.5,None
2025-01-01 00:43:00,192.168.1.188,10.0.0.149,25101,443,UDP,1809,0.93,None
2025-01-01 00:44:00,192.168.1.208,10.0.0.240,10398,21,UDP,1574,0.44,None
2025-01-01 00:45:00,192.168.1.15,10.0.0.55,53399,8080,ICMP,714,0.98,None
2025-01-01 00:46:00,192.168.1.190,10.0.0.6,57314,3389,TCP,82,0.51,None
2025-01-01 00:47:00,192.168.1.190,10.0.0.220,36459,8080,ICMP,104,0.11,None
2025-01-01 00:48:00,192.168.1.175,10.0.0.209,31931,8080,UDP,568,0.76,malware_detected
2025-01-01 00:49:00,192.168.1.190,10.0.0.197,58156,8080,TCP,805,0.68,malware_detected
2025-01-01 00:50:00,192.168.1.51,10.0.0.95,14433,53,TCP,1898,0.77,None
2025-01-01 00:51:00,192.168.1.108,10.0.0.133,17538,22,UDP,1711,0.95,malware_detected
2025-01-01 00:52:00,192.168.1.55,10.0.0.102,65316,21,UDP,61,0.78,None
2025-01-01 00:53:00,192.168.1.244,10.0.0.3,30890,3389,UDP,1601,0.61,None
2025-01-01 00:54:00,192.168.1.64,10.0.0.181,4007,21,UDP,769,0.86,None
2025-01-01 00:55:00,192.168.1.249,10.0.0.23,32729,53,UDP,604,0.67,None
2025-01-01 00:56:00,192.168.1.131,10.0.0.229,21686,443,TCP,422,0.41,None
2025-01-01 00:57:00,192.168.1.229,10.0.0.53,24534,443,UDP,533,0.89,None
2025-01-01 00:58:00,192.168.1.51,10.0.0.165,13675,443,TCP,1022,0.22,None
2025-01-01 00:59:00,192.168.1.135,10.0.0.202,42022,445,TCP,1720,0.71,None
2025-01-01 01:00:00,192.168.1.21,10.0.0.202,57870,8080,UDP,1301,0.88,None
2025-01-01 01:01:00,192.168.1.73,10.0.0.83,29559,445,UDP,672,0.73,None
2025-01-01 01:02:00,192.168.1.167,10.0.0.145,7664,22,TCP,356,0.7,None
2025-01-01 01:03:00,192.168.1.18,10.0.0.85,45571,443,UDP,506,0.75,None
2025-01-01 01:04:00,192.168.1.132,10.0.0.78,55644,53,UDP,209,0.47,None
2025-01-01 01:05:00,192.168.1.89,10.0.0.201,16341,3389,UDP,380,0.87,None
2025-01-01 01:06:00,192.168.1.60,10.0.0.110,51096,21,ICMP,825,0.2,malware_detected
2025-01-01 01:07:00,192.168.1.14,10.0.0.1,8588,8080,TCP,274,0.13,None
2025-01-01 01:08:00,192.168.1.242,10.0.0.51,28369,80,ICMP,1032,0.29,None
2025-01-01 01:09:00,192.168.1.250,10.0.0.173,49312,3389,UDP,778,0.53,None
2025-01-01 01:10:00,192.168.1.9,10.0.0.205,29711,8080,ICMP,1577,0.51,None
2025-01-01 01:11:00,192.168.1.90,10.0.0.4,58860,445,UDP,1529,0.82,None
2025-01-01 01:12:00,192.168.1.53,10.0.0.190,14761,445,ICMP,1118,0.4,None
2025-01-01 01:13:00,192.168.1.130,10.0.0.193,10347,3389,UDP,1287,0.48,None
2025-01-01 01:14:00,192.168.1.84,10.0.0.113,16253,445,ICMP,1132,0.01,None
2025-01-01 01:15:00,192.168.1.92,10.0.0.232,45505,443,ICMP,693,0.41,None
2025-01-01 01:16:00,192.168.1.111,10.0.0.32,9526,22,ICMP,665,0.65,None
2025-01-01 01:17:00,192.168.1.188,10.0.0.34,59106,21,TCP,244,0.02,None
2025-01-01 01:18:00,192.168.1.199,10.0.0.92,53417,22,ICMP,1998,0.28,None
2025-01-01 01:19:00,192.168.1.172,10.0.0.95,1569,8080,TCP,538,0.21,None
2025-01-01 01:20:00,192.168.1.253,10.0.0.72,60829,21,UDP,206,0.04,None
2025-01-01 01:21:00,192.168.1.8,10.0.0.39,38138,53,ICMP,659,0.48,None
2025-01-01 01:22:00,192.168.1.175,10.0.0.154,30454,21,UDP,1299,0.18,None
2025-01-01 01:23:00,192.168.1.35,10.0.0.250,11020,22,UDP,461,0.74,None
2025-01-01 01:24:00,192.168.1.206,10.0.0.162,28812,3389,ICMP,1278,0.85,None
2025-01-01 01:25:00,192.168.1.81,10.0.0.182,30993,21,TCP,1152,0.55,malware_detected
2025-01-01 01:26:00,192.168.1.164,10.0.0.118,49567,53,ICMP,1197,0.98,None
2025-01-01 01:27:00,192.168.1.50,10.0.0.3,14943,53,UDP,520,0.45,malware_detected
2025-01-01 01:28:00,192.168.1.104,10.0.0.123,4834,53,UDP,1291,0.51,None
2025-01-01 01:29:00,192.168.1.132,10.0.0.50,31610,22,ICMP,565,0.99,None
2025-01-01 01:30:00,192.168.1.2,10.0.0.12,40998,21,TCP,1675,0.23,None
2025-01-01 01:31:00,192.168.1.254,10.0.0.193,42797,80,TCP,1177,0.94,None
2025-01-01 01:32:00,192.168.1.134,10.0.0.54,17395,3389,UDP,442,0.04,None
2025-01-01 01:33:00,192.168.1.54,10.0.0.236,46108,443,UDP,680,0.45,None
2025-01-01 01:34:00,192.168.1.106,10.0.0.133,30653,21,TCP,1718,0.07,None
2025-01-01 01:35:00,192.168.1.4,10.0.0.222,52208,53,ICMP,1897,0.73,None
2025-01-01 01:36:00,192.168.1.54,10.0.0.222,62940,80,UDP,657,0.61,None
2025-01-01 01:37:00,192.168.1.221,10.0.0.251,62781,443,TCP,1029,0.71,malware_detected
2025-01-01 01:38:00,192.168.1.191,10.0.0.57,9460,443,UDP,483,0.37,None
2025-01-01 01:39:00,192.168.1.146,10.0.0.145,63211,8080,ICMP,1404,0.37,None
2025-01-01 01:40:00,192.168.1.218,10.0.0.112,14008,21,TCP,1216,0.05,None
2025-01-01 01:41:00,192.168.1.44,10.0.0.47,34063,22,UDP,1873,0.35,None
2025-01-01 01:42:00,192.168.1.162,10.0.0.151,20919,21,ICMP,589,0.93,None
2025-01-01 01:43:00,192.168.1.202,10.0.0.207,19179,80,UDP,327,0.38,malware_detected
2025-01-01 01:44:00,192.168.1.190,10.0.0.229,59630,443,ICMP,282,0.83,None
2025-01-01 01:45:00,192.168.1.228,10.0.0.85,11640,21,ICMP,1602,0.84,None
2025-01-01 01:46:00,192.168.1.14,10.0.0.142,38153,22,TCP,1644,0.37,None
2025-01-01 01:47:00,192.168.1.95,10.0.0.66,40861,8080,ICMP,1163,0.63,None
2025-01-01 01:48:00,192.168.1.48,10.0.0.75,51096,21,UDP,1565,0.1,None
2025-01-01 01:49:00,192.168.1.15,10.0.0.179,25598,3389,ICMP,1272,0.1,None
2025-01-01 01:50:00,192.168.1.200,10.0.0.103,4454,8080,ICMP,411,0.05,malware_detected
2025-01-01 01:51:00,192.168.1.206,10.0.0.166,54611,22,TCP,1514,0.58,None
2025-01-01 01:52:00,192.168.1.215,10.0.0.192,13700,80,ICMP,75,0.43,malware_detected
2025-01-01 01:53:00,192.168.1.252,10.0.0.252,11840,443,ICMP,1098,0.55,None
2025-01-01 01:54:00,192.168.1.249,10.0.0.226,33757,21,UDP,1467,0.52,None
2025-01-01 01:55:00,192.168.1.190,10.0.0.38,21168,22,TCP,556,0.35,None
2025-01-01 01:56:00,192.168.1.40,10.0.0.50,3074,8080,TCP,1374,0.68,None
2025-01-01 01:57:00,192.168.1.213,10.0.0.98,45484,3389,TCP,1412,0.76,malware_detected
2025-01-01 01:58:00,192.168.1.208,10.0.0.82,34957,22,ICMP,316,0.01,None
2025-01-01 01:59:00,192.168.1.237,10.0.0.30,25975,445,TCP,510,0.21,None
2025-01-01 02:00:00,192.168.1.82,10.0.0.79,33437,53,ICMP,1766,0.71,None
2025-01-01 02:01:00,192.168.1.111,10.0.0.91,35825,3389,ICMP,505,0.39,None
2025-01-01 02:02:00,192.168.1.53,10.0.0.179,56643,8080,UDP,1433,0.66,None
2025-01-01 02:03:00,192.168.1.24,10.0.0.191,33937,80,UDP,1141,0.35,None
2025-01-01 02:04:00,192.168.1.154,10.0.0.226,48061,443,UDP,1056,0.39,None
2025-01-01 02:05:00,192.168.1.217,10.0.0.52,54564,8080,UDP,912,0.16,None
2025-01-01 02:06:00,192.168.1.252,10.0.0.249,41624,53,UDP,1485,0.26,None
2025-01-01 02:07:00,192.168.1.188,10.0.0.166,58799,80,ICMP,540,0.61,None
2025-01-01 02:08:00,192.168.1.124,10.0.0.225,26304,21,ICMP,1906,0.43,None
2025-01-01 02:09:00,192.168.1.237,10.0.0.216,65460,22,TCP,1122,0.77,malware_detected
2025-01-01 02:10:00,192.168.1.41,10.0.0.79,25581,445,ICMP,1760,0.85,None
2025-01-01 02:11:00,192.168.1.157,10.0.0.252,48078,3389,ICMP,613,0.54,None
2025-01-01 02:12:00,192.168.1.15,10.0.0.30,36424,3389,UDP,1175,0.76,None
2025-01-01 02:13:00,192.168.1.45,10.0.0.247,5518,22,ICMP,265,0.31,None
2025-01-01 02:14:00,192.168.1.65,10.0.0.106,16176,445,UDP,1511,0.41,None
2025-01-01 02:15:00,192.168.1.89,10.0.0.51,58232,22,TCP,1773,0.71,None
2025-01-01 02:16:00,192.168.1.71,10.0.0.81,24919,21,TCP,1642,0.39,None
2025-01-01 02:17:00,192.168.1.9,10.0.0.133,10179,53,ICMP,608,0.59,None
2025-01-01 02:18:00,192.168.1.88,10.0.0.29,32907,80,TCP,208,0.19,malware_detected
2025-01-01 02:19:00,192.168.1.129,10.0.0.132,44218,8080,ICMP,538,0.6,None
2025-01-01 02:20:00,192.168.1.236,10.0.0.138,44025,3389,TCP,735,0.86,None
2025-01-01 02:21:00,192.168.1.136,10.0.0.184,2852,21,UDP,1315,0.87,None
2025-01-01 02:22:00,192.168.1.216,10.0.0.145,60476,80,UDP,843,0.72,None
2025-01-01 02:23:00,192.168.1.63,10.0.0.74,46052,21,UDP,1826,0.75,malware_detected
2025-01-01 02:24:00,192.168.1.139,10.0.0.17,42922,445,UDP,1955,0.56,None
2025-01-01 02:25:00,192.168.1.243,10.0.0.252,33147,3389,ICMP,54,0.58,None
2025-01-01 02:26:00,192.168.1.81,10.0.0.84,38597,8080,TCP,1669,0.13,None
2025-01-01 02:27:00,192.168.1.136,10.0.0.216,1830,22,ICMP,1893,0.44,None
2025-01-01 02:28:00,192.168.1.163,10.0.0.69,59831,22,UDP,410,0.45,None
2025-01-01 02:29:00,192.168.1.163,10.0.0.34,57662,80,ICMP,508,0.96,None
2025-01-01 02:30:00,192.168.1.33,10.0.0.6,63789,8080,TCP,297,0.43,None
2025-01-01 02:31:00,192.168.1.123,10.0.0.53,61783,53,ICMP,1639,0.55,None
2025-01-01 02:32:00,192.168.1.5,10.0.0.194,41994,443,TCP,1746,0.53,None
2025-01-01 02:33:00,192.168.1.234,10.0.0.205,30781,445,ICMP,995,0.64,None
2025-01-01 02:34:00,192.168.1.231,10.0.0.126,35660,80,TCP,471,0.75,None
2025-01-01 02:35:00,192.168.1.250,10.0.0.235,15585,443,TCP,1996,0.23,None
2025-01-01 02:36:00,192.168.1.41,10.0.0.43,49304,21,UDP,1811,0.53,None
2025-01-01 02:37:00,192.168.1.28,10.0.0.240,25286,445,TCP,64,0.83,None
2025-01-01 02:38:00,192.168.1.135,10.0.0.203,15923,21,UDP,785,0.46,None
2025-01-01 02:39:00,192.168.1.201,10.0.0.115,63235,53,UDP,1646,0.28,None
2025-01-01 02:40:00,192.168.1.72,10.0.0.111,55866,8080,UDP,1195,0.65,None
2025-01-01 02:41:00,192.168.1.12,10.0.0.249,64071,3389,ICMP,326,0.82,None
2025-01-01 02:42:00,192.168.1.162,10.0.0.151,58003,445,ICMP,1631,0.06,None
2025-01-01 02:43:00,192.168.1.33,10.0.0.183,50012,443,ICMP,502,0.78,malware_detected
2025-01-01 02:44:00,192.168.1.48,10.0.0.80,16958,53,ICMP,1463,0.82,malware_detected
2025-01-01 02:45:00,192.168.1.247,10.0.0.95,39221,3389,TCP,1367,0.46,malware_detected
2025-01-01 02:46:00,192.168.1.151,10.0.0.203,42868,22,TCP,1647,0.98,None
2025-01-01 02:47:00,192.168.1.62,10.0.0.118,37356,443,ICMP,647,0.79,None
2025-01-01 02:48:00,192.168.1.216,10.0.0.144,35181,80,TCP,495,0.77,None
2025-01-01 02:49:00,192.168.1.37,10.0.0.8,12617,22,TCP,259,0.75,None
2025-01-01 02:50:00,192.168.1.99,10.0.0.132,41066,53,UDP,1663,0.15,None
2025-01-01 02:51:00,192.168.1.172,10.0.0.104,62689,22,UDP,763,0.22,None
2025-01-01 02:52:00,192.168.1.104,10.0.0.132,51000,80,UDP,351,0.46,None
2025-01-01 02:53:00,192.168.1.214,10.0.0.184,52441,445,UDP,1982,0.26,malware_detected
2025-01-01 02:54:00,192.168.1.219,10.0.0.25,18344,22,TCP,1296,0.42,None
2025-01-01 02:55:00,192.168.1.35,10.0.0.195,28400,8080,ICMP,1807,0.89,None
2025-01-01 02:56:00,192.168.1.193,10.0.0.96,44537,443,TCP,52,0.82,None
2025-01-01 02:57:00,192.168.1.227,10.0.0.195,56578,3389,TCP,1039,0.63,malware_detected
2025-01-01 02:58:00,192.168.1.101,10.0.0.155,15223,22,TCP,1591,0.86,None
2025-01-01 02:59:00,192.168.1.175,10.0.0.93,54021,443,UDP,1166,0.78,None
2025-01-01 03:00:00,192.168.1.206,10.0.0.160,16900,21,UDP,569,0.43,malware_detected
2025-01-01 03:01:00,192.168.1.131,10.0.0.178,51972,443,UDP,1501,0.2,None
2025-01-01 03:02:00,192.168.1.1,10.0.0.61,9269,3389,ICMP,542,0.51,None
2025-01-01 03:03:00,192.168.1.5,10.0.0.122,8238,443,TCP,1308,0.74,None
2025-01-01 03:04:00,192.168.1.218,10.0.0.51,1750,80,ICMP,669,0.44,None
2025-01-01 03:05:00,192.168.1.247,10.0.0.147,52912,53,UDP,1234,0.67,None
2025-01-01 03:06:00,192.168.1.142,10.0.0.21,47624,3389,ICMP,1794,0.09,None
2025-01-01 03:07:00,192.168.1.103,10.0.0.5,12386,53,TCP,1825,0.75,malware_detected
2025-01-01 03:08:00,192.168.1.27,10.0.0.210,63507,445,TCP,380,0.81,malware_detected
2025-01-01 03:09:00,192.168.1.137,10.0.0.92,19321,53,UDP,382,0.71,None
2025-01-01 03:10:00,192.168.1.207,10.0.0.170,31472,21,UDP,99,0.97,None
2025-01-01 03:11:00,192.168.1.15,10.0.0.61,27196,80,ICMP,1596,0.83,None
2025-01-01 03:12:00,192.168.1.90,10.0.0.22,43898,445,UDP,912,0.9,None
2025-01-01 03:13:00,192.168.1.42,10.0.0.149,8681,443,UDP,1741,0.93,None
2025-01-01 03:14:00,192.168.1.124,10.0.0.70,19874,3389,TCP,1565,0.8,None
2025-01-01 03:15:00,192.168.1.205,10.0.0.1,61105,21,UDP,1655,0.67,None
2025-01-01 03:16:00,192.168.1.179,10.0.0.133,26449,80,UDP,1754,0.01,None
2025-01-01 03:17:00,192.168.1.63,10.0.0.233,27709,445,TCP,321,0.47,malware_detected
2025-01-01 03:18:00,192.168.1.96,10.0.0.12,57488,445,TCP,629,0.57,None
2025-01-01 03:19:00,192.168.1.231,10.0.0.90,48343,21,ICMP,1940,0.3,None
2025-01-01 03:20:00,192.168.1.241,10.0.0.46,25602,8080,UDP,1325,0.32,None
2025-01-01 03:21:00,192.168.1.52,10.0.0.34,29855,443,TCP,609,0.96,None
2025-01-01 03:22:00,192.168.1.253,10.0.0.177,8930,21,ICMP,745,0.89,None
2025-01-01 03:23:00,192.168.1.96,10.0.0.78,62437,445,ICMP,1905,0.85,None
2025-01-01 03:24:00,192.168.1.132,10.0.0.218,55052,22,UDP,1772,0.41,None
2025-01-01 03:25:00,192.168.1.222,10.0.0.45,8311,80,UDP,1163,0.01,None
2025-01-01 03:26:00,192.168.1.229,10.0.0.155,34684,21,ICMP,495,0.08,None
2025-01-01 03:27:00,192.168.1.151,10.0.0.73,11246,8080,TCP,1066,0.31,None
2025-01-01 03:28:00,192.168.1.231,10.0.0.26,61528,445,ICMP,1405,0.02,None
2025-01-01 03:29:00,192.168.1.237,10.0.0.249,60744,443,UDP,1212,0.02,malware_detected
2025-01-01 03:30:00,192.168.1.143,10.0.0.47,38467,53,TCP,406,0.92,None
2025-01-01 03:31:00,192.168.1.171,10.0.0.121,35725,445,TCP,1674,0.71,malware_detected
2025-01-01 03:32:00,192.168.1.29,10.0.0.214,18788,443,ICMP,323,0.31,None
2025-01-01 03:33:00,192.168.1.36,10.0.0.239,45665,21,UDP,1092,0.13,malware_detected
2025-01-01 03:34:00,192.168.1.13,10.0.0.56,18698,443,ICMP,360,0.51,None
2025-01-01 03:35:00,192.168.1.160,10.0.0.94,19048,3389,ICMP,919,0.01,None
2025-01-01 03:36:00,192.168.1.71,10.0.0.107,47031,3389,ICMP,935,0.94,None
2025-01-01 03:37:00,192.168.1.187,10.0.0.63,24898,3389,TCP,203,0.41,None
2025-01-01 03:38:00,192.168.1.243,10.0.0.48,44666,8080,TCP,1463,0.4,None
2025-01-01 03:39:00,192.168.1.86,10.0.0.61,59355,8080,UDP,1333,0.39,None
2025-01-01 03:40:00,192.168.1.28,10.0.0.81,33308,22,UDP,669,0.07,None
2025-01-01 03:41:00,192.168.1.66,10.0.0.26,18626,8080,ICMP,932,0.64,None
2025-01-01 03:42:00,192.168.1.170,10.0.0.36,38808,53,ICMP,846,0.73,None
2025-01-01 03:43:00,192.168.1.45,10.0.0.1,24289,21,ICMP,1644,0.68,None
2025-01-01 03:44:00,192.168.1.62,10.0.0.8,26955,445,UDP,174,0.14,None
2025-01-01 03:45:00,192.168.1.185,10.0.0.113,29865,445,TCP,1427,0.58,None
2025-01-01 03:46:00,192.168.1.245,10.0.0.99,30216,22,TCP,1346,0.57,None
2025-01-01 03:47:00,192.168.1.134,10.0.0.253,47566,8080,ICMP,668,0.87,None
2025-01-01 03:48:00,192.168.1.28,10.0.0.180,62503,53,ICMP,1884,0.38,None
2025-01-01 03:49:00,192.168.1.28,10.0.0.207,43544,443,ICMP,294,0.37,None
2025-01-01 03:50:00,192.168.1.108,10.0.0.47,59786,22,ICMP,897,0.62,malware_detected
2025-01-01 03:51:00,192.168.1.44,10.0.0.127,51130,53,UDP,499,0.63,None
2025-01-01 03:52:00,192.168.1.84,10.0.0.56,16609,443,TCP,979,0.47,None
2025-01-01 03:53:00,192.168.1.30,10.0.0.214,26583,53,ICMP,1320,0.44,None
2025-01-01 03:54:00,192.168.1.190,10.0.0.14,41083,443,UDP,569,0.49,None
2025-01-01 03:55:00,192.168.1.75,10.0.0.218,34766,80,ICMP,1214,0.86,None
2025-01-01 03:56:00,192.168.1.128,10.0.0.28,5157,53,ICMP,411,0.46,None
2025-01-01 03:57:00,192.168.1.250,10.0.0.215,15687,445,TCP,57,0.94,None
2025-01-01 03:58:00,192.168.1.247,10.0.0.78,22778,3389,ICMP,527,0.5,None
2025-01-01 03:59:00,192.168.1.92,10.0.0.216,4996,8080,TCP,1425,0.95,None
2025-01-01 04:00:00,192.168.1.217,10.0.0.130,6319,443,TCP,544,0.83,None
2025-01-01 04:01:00,192.168.1.231,10.0.0.109,47705,80,TCP,1679,0.36,None
2025-01-01 04:02:00,192.168.1.190,10.0.0.154,42897,53,UDP,882,0.86,None
2025-01-01 04:03:00,192.168.1.225,10.0.0.14,30149,445,UDP,1500,0.11,None
2025-01-01 04:04:00,192.168.1.129,10.0.0.187,42020,3389,TCP,1112,0.93,None
2025-01-01 04:05:00,192.168.1.121,10.0.0.56,61755,443,ICMP,642,0.63,malware_detected
2025-01-01 04:06:00,192.168.1.27,10.0.0.115,10927,53,TCP,236,0.05,malware_detected
2025-01-01 04:07:00,192.168.1.190,10.0.0.7,4044,53,ICMP,1669,0.64,None
2025-01-01 04:08:00,192.168.1.121,10.0.0.3,42779,443,TCP,1673,0.97,None
2025-01-01 04:09:00,192.168.1.116,10.0.0.111,21444,22,ICMP,803,0.07,None
2025-01-01 04:10:00,192.168.1.205,10.0.0.151,22476,22,UDP,1927,0.55,None
2025-01-01 04:11:00,192.168.1.233,10.0.0.238,46672,445,ICMP,142,0.75,None
2025-01-01 04:12:00,192.168.1.3,10.0.0.107,39025,3389,TCP,135,0.81,None
2025-01-01 04:13:00,192.168.1.103,10.0.0.239,61479,443,UDP,1117,0.41,None
2025-01-01 04:14:00,192.168.1.198,10.0.0.252,10540,445,ICMP,186,0.2,None
2025-01-01 04:15:00,192.168.1.200,10.0.0.237,48351,445,ICMP,470,0.04,malware_detected
2025-01-01 04:16:00,192.168.1.155,10.0.0.18,50493,21,ICMP,123,0.58,None
2025-01-01 04:17:00,192.168.1.137,10.0.0.250,3420,53,ICMP,1621,0.45,None
2025-01-01 04:18:00,192.168.1.62,10.0.0.38,19570,8080,ICMP,1686,0.95,None
2025-01-01 04:19:00,192.168.1.165,10.0.0.227,20153,53,UDP,1585,0.06,None
2025-01-01 04:20:00,192.168.1.225,10.0.0.115,63810,22,UDP,1229,0.69,None
2025-01-01 04:21:00,192.168.1.51,10.0.0.15,2615,3389,UDP,1328,0.02,None
2025-01-01 04:22:00,192.168.1.234,10.0.0.192,12327,53,UDP,220,0.17,None
2025-01-01 04:23:00,192.168.1.172,10.0.0.217,31585,443,TCP,1801,0.45,None
2025-01-01 04:24:00,192.168.1.152,10.0.0.119,7207,445,UDP,219,0.45,None
2025-01-01 04:25:00,192.168.1.207,10.0.0.229,54106,443,ICMP,1837,0.69,None
2025-01-01 04:26:00,192.168.1.59,10.0.0.28,27596,21,ICMP,921,0.91,None
2025-01-01 04:27:00,192.168.1.118,10.0.0.202,64236,3389,UDP,371,0.64,malware_detected
2025-01-01 04:28:00,192.168.1.160,10.0.0.39,35104,445,ICMP,1640,0.95,None
2025-01-01 04:29:00,192.168.1.96,10.0.0.185,59653,443,UDP,505,0.88,None
2025-01-01 04:30:00,192.168.1.216,10.0.0.17,21719,22,ICMP,993,0.58,None
2025-01-01 04:31:00,192.168.1.233,10.0.0.231,8338,8080,TCP,1676,0.83,None
2025-01-01 04:32:00,192.168.1.180,10.0.0.86,52559,21,TCP,839,0.64,None
2025-01-01 04:33:00,192.168.1.113,10.0.0.218,20647,3389,UDP,662,0.08,None
2025-01-01 04:34:00,192.168.1.62,10.0.0.126,3163,21,UDP,1228,0.74,None
2025-01-01 04:35:00,192.168.1.241,10.0.0.44,48480,22,UDP,938,0.09,None
2025-01-01 04:36:00,192.168.1.186,10.0.0.25,32314,3389,ICMP,398,0.59,None
2025-01-01 04:37:00,192.168.1.52,10.0.0.145,65327,21,UDP,1524,0.7,None
2025-01-01 04:38:00,192.168.1.12,10.0.0.13,19112,80,TCP,1949,0.07,None
2025-01-01 04:39:00,192.168.1.254,10.0.0.212,40716,22,ICMP,1726,0.23,None
2025-01-01 04:40:00,192.168.1.39,10.0.0.25,34154,22,UDP,1246,0.92,None
2025-01-01 04:41:00,192.168.1.130,10.0.0.68,52780,22,ICMP,59,0.62,None
2025-01-01 04:42:00,192.168.1.131,10.0.0.138,33112,80,ICMP,789,0.25,None
2025-01-01 04:43:00,192.168.1.113,10.0.0.67,27316,80,UDP,1338,0.69,None
2025-01-01 04:44:00,192.168.1.101,10.0.0.233,47273,443,ICMP,1511,0.6,None
2025-01-01 04:45:00,192.168.1.113,10.0.0.109,62819,445,TCP,1833,0.5,None
2025-01-01 04:46:00,192.168.1.184,10.0.0.146,21694,8080,TCP,1320,0.98,None
2025-01-01 04:47:00,192.168.1.81,10.0.0.111,4762,21,ICMP,716,0.68,None
2025-01-01 04:48:00,192.168.1.187,10.0.0.228,3493,443,UDP,595,0.38,malware_detected
2025-01-01 04:49:00,192.168.1.113,10.0.0.111,54971,21,ICMP,1572,0.8,None
2025-01-01 04:50:00,192.168.1.2,10.0.0.214,23558,8080,TCP,178,0.88,None
2025-01-01 04:51:00,192.168.1.130,10.0.0.34,64644,445,ICMP,1745,0.13,None
2025-01-01 04:52:00,192.168.1.220,10.0.0.111,49898,80,ICMP,650,0.2,None
2025-01-01 04:53:00,192.168.1.54,10.0.0.8,50732,445,TCP,654,0.22,None
2025-01-01 04:54:00,192.168.1.87,10.0.0.168,10041,80,ICMP,376,0.69,malware_detected
2025-01-01 04:55:00,192.168.1.229,10.0.0.113,3832,8080,ICMP,1826,0.6,None
2025-01-01 04:56:00,192.168.1.224,10.0.0.236,50162,445,UDP,1908,0.62,None
2025-01-01 04:57:00,192.168.1.225,10.0.0.83,55326,443,UDP,1029,0.94,None
2025-01-01 04:58:00,192.168.1.129,10.0.0.42,48662,3389,TCP,453,0.78,None
2025-01-01 04:59:00,192.168.1.147,10.0.0.169,13737,443,TCP,678,0.13,None
2025-01-01 05:00:00,192.168.1.126,10.0.0.101,41353,21,TCP,1679,0.35,None
2025-01-01 05:01:00,192.168.1.130,10.0.0.6,3743,443,UDP,1748,0.44,None
2025-01-01 05:02:00,192.168.1.53,10.0.0.180,23914,8080,TCP,1684,0.4,None
2025-01-01 05:03:00,192.168.1.172,10.0.0.26,12724,22,TCP,1698,0.67,None
2025-01-01 05:04:00,192.168.1.218,10.0.0.64,37533,21,TCP,1432,0.89,None
2025-01-01 05:05:00,192.168.1.160,10.0.0.226,43558,445,UDP,1676,0.31,None
2025-01-01 05:06:00,192.168.1.198,10.0.0.187,37790,21,ICMP,1931,0.55,None
2025-01-01 05:07:00,192.168.1.160,10.0.0.184,27729,3389,TCP,767,0.79,None
2025-01-01 05:08:00,192.168.1.247,10.0.0.59,19811,80,ICMP,1090,0.42,None
2025-01-01 05:09:00,192.168.1.68,10.0.0.109,61697,445,TCP,323,0.17,None
2025-01-01 05:10:00,192.168.1.183,10.0.0.198,49869,53,ICMP,734,0.47,None
2025-01-01 05:11:00,192.168.1.203,10.0.0.229,58956,21,UDP,165,0.06,None
2025-01-01 05:12:00,192.168.1.184,10.0.0.121,27612,445,UDP,910,0.94,None
2025-01-01 05:13:00,192.168.1.123,10.0.0.33,27147,445,TCP,742,0.07,None
2025-01-01 05:14:00,192.168.1.145,10.0.0.181,34086,445,ICMP,1164,0.44,None
2025-01-01 05:15:00,192.168.1.38,10.0.0.150,11201,80,UDP,1155,0.53,None
2025-01-01 05:16:00,192.168.1.24,10.0.0.21,22751,53,TCP,373,0.99,None
2025-01-01 05:17:00,192.168.1.69,10.0.0.198,31244,8080,TCP,1010,0.17,None
2025-01-01 05:18:00,192.168.1.116,10.0.0.70,61485,443,UDP,163,0.11,None
2025-01-01 05:19:00,192.168.1.98,10.0.0.247,10906,445,UDP,1842,0.01,None
2025-01-01 05:20:00,192.168.1.198,10.0.0.112,2160,22,TCP,1131,0.16,None
2025-01-01 05:21:00,192.168.1.214,10.0.0.4,63720,8080,ICMP,203,0.21,None
2025-01-01 05:22:00,192.168.1.139,10.0.0.94,35856,3389,ICMP,1950,0.63,None
2025-01-01 05:23:00,192.168.1.240,10.0.0.75,62823,80,ICMP,1477,0.22,None
2025-01-01 05:24:00,192.168.1.144,10.0.0.190,32990,21,TCP,1701,0.02,None
2025-01-01 05:25:00,192.168.1.97,10.0.0.62,8033,80,UDP,1928,0.83,None
2025-01-01 05:26:00,192.168.1.201,10.0.0.94,14011,21,TCP,1339,0.37,None
2025-01-01 05:27:00,192.168.1.124,10.0.0.95,38335,80,UDP,364,0.35,None
2025-01-01 05:28:00,192.168.1.187,10.0.0.152,32599,21,ICMP,1788,0.3,None
2025-01-01 05:29:00,192.168.1.70,10.0.0.55,64876,445,ICMP,1114,0.98,None
2025-01-01 05:30:00,192.168.1.208,10.0.0.137,63138,443,UDP,154,0.17,None
2025-01-01 05:31:00,192.168.1.93,10.0.0.247,2031,21,UDP,1974,0.9,None
2025-01-01 05:32:00,192.168.1.3,10.0.0.131,6469,53,TCP,1963,0.78,None
2025-01-01 05:33:00,192.168.1.148,10.0.0.243,11730,21,ICMP,1266,0.08,None
2025-01-01 05:34:00,192.168.1.252,10.0.0.31,48541,22,TCP,1474,0.99,None
2025-01-01 05:35:00,192.168.1.187,10.0.0.40,45510,21,TCP,1351,0.27,None
2025-01-01 05:36:00,192.168.1.164,10.0.0.229,30281,22,TCP,403,0.1,None
2025-01-01 05:37:00,192.168.1.147,10.0.0.36,22760,3389,ICMP,1065,0.83,malware_detected
2025-01-01 05:38:00,192.168.1.90,10.0.0.152,43231,445,TCP,1822,0.71,None
2025-01-01 05:39:00,192.168.1.195,10.0.0.223,14305,22,TCP,782,0.62,None
2025-01-01 05:40:00,192.168.1.147,10.0.0.6,62270,443,TCP,1653,0.16,None
2025-01-01 05:41:00,192.168.1.148,10.0.0.66,2459,8080,TCP,758,0.48,None
2025-01-01 05:42:00,192.168.1.96,10.0.0.212,34363,445,TCP,1329,0.78,None
2025-01-01 05:43:00,192.168.1.199,10.0.0.220,36174,22,TCP,700,0.3,None
2025-01-01 05:44:00,192.168.1.52,10.0.0.75,26845,445,ICMP,873,0.31,None
2025-01-01 05:45:00,192.168.1.233,10.0.0.4,27684,53,TCP,996,0.0,None
2025-01-01 05:46:00,192.168.1.161,10.0.0.79,6108,445,UDP,710,0.17,malware_detected
2025-01-01 05:47:00,192.168.1.168,10.0.0.134,17685,445,TCP,148,0.88,None
2025-01-01 05:48:00,192.168.1.128,10.0.0.118,14531,3389,TCP,637,0.44,None
2025-01-01 05:49:00,192.168.1.39,10.0.0.113,8083,443,ICMP,331,0.98,None
2025-01-01 05:50:00,192.168.1.82,10.0.0.94,19295,80,ICMP,1956,0.4,None
2025-01-01 05:51:00,192.168.1.104,10.0.0.248,46563,80,UDP,452,0.72,None
2025-01-01 05:52:00,192.168.1.129,10.0.0.230,51441,22,UDP,1182,0.28,None
2025-01-01 05:53:00,192.168.1.11,10.0.0.179,8515,445,ICMP,749,0.36,None
2025-01-01 05:54:00,192.168.1.220,10.0.0.62,63194,22,ICMP,248,0.19,None
2025-01-01 05:55:00,192.168.1.185,10.0.0.185,48319,3389,TCP,1376,0.35,None
2025-01-01 05:56:00,192.168.1.217,10.0.0.194,51216,3389,ICMP,376,0.55,None
2025-01-01 05:57:00,192.168.1.178,10.0.0.79,15883,21,UDP,203,0.99,malware_detected
2025-01-01 05:58:00,192.168.1.151,10.0.0.203,59285,53,TCP,601,0.66,None
2025-01-01 05:59:00,192.168.1.159,10.0.0.136,64912,3389,UDP,1718,0.2,None
2025-01-01 06:00:00,192.168.1.222,10.0.0.26,9097,21,TCP,454,0.04,None
2025-01-01 06:01:00,192.168.1.42,10.0.0.179,10101,443,ICMP,511,0.13,None
2025-01-01 06:02:00,192.168.1.99,10.0.0.173,52928,22,UDP,181,0.56,malware_detected
2025-01-01 06:03:00,192.168.1.7,10.0.0.44,58389,8080,TCP,840,0.77,None
2025-01-01 06:04:00,192.168.1.252,10.0.0.133,21977,443,TCP,923,0.94,None
2025-01-01 06:05:00,192.168.1.144,10.0.0.70,12407,3389,ICMP,133,0.02,None
2025-01-01 06:06:00,192.168.1.90,10.0.0.154,50170,443,ICMP,1472,0.52,malware_detected
2025-01-01 06:07:00,192.168.1.112,10.0.0.118,56529,443,ICMP,803,0.47,None
2025-01-01 06:08:00,192.168.1.249,10.0.0.68,3377,53,UDP,677,0.66,None
2025-01-01 06:09:00,192.168.1.244,10.0.0.19,24845,53,TCP,1182,0.56,None
2025-01-01 06:10:00,192.168.1.60,10.0.0.212,38591,53,ICMP,270,0.69,None
2025-01-01 06:11:00,192.168.1.113,10.0.0.225,50862,443,UDP,1977,0.66,None
2025-01-01 06:12:00,192.168.1.2,10.0.0.20,25884,3389,UDP,602,0.12,malware_detected
2025-01-01 06:13:00,192.168.1.129,10.0.0.113,22219,8080,UDP,1441,0.8,None
2025-01-01 06:14:00,192.168.1.48,10.0.0.140,12963,445,ICMP,1220,0.12,None
2025-01-01 06:15:00,192.168.1.254,10.0.0.47,26362,443,ICMP,161,0.7,None
2025-01-01 06:16:00,192.168.1.140,10.0.0.1,22754,21,TCP,664,0.42,None
2025-01-01 06:17:00,192.168.1.197,10.0.0.90,22451,3389,TCP,1631,0.51,None
2025-01-01 06:18:00,192.168.1.37,10.0.0.142,36220,443,ICMP,973,0.9,malware_detected
2025-01-01 06:19:00,192.168.1.160,10.0.0.64,28107,8080,UDP,1567,0.89,None
2025-01-01 06:20:00,192.168.1.251,10.0.0.38,22534,445,UDP,1578,0.82,None
2025-01-01 06:21:00,192.168.1.247,10.0.0.37,58396,53,UDP,524,0.51,None
2025-01-01 06:22:00,192.168.1.9,10.0.0.126,59274,3389,TCP,885,0.74,None
2025-01-01 06:23:00,192.168.1.233,10.0.0.139,45088,80,UDP,1963,0.51,None
2025-01-01 06:24:00,192.168.1.99,10.0.0.100,8837,445,TCP,320,0.87,None
2025-01-01 06:25:00,192.168.1.147,10.0.0.77,32622,21,TCP,470,0.4,None
2025-01-01 06:26:00,192.168.1.48,10.0.0.235,48206,443,UDP,1970,0.97,None
2025-01-01 06:27:00,192.168.1.208,10.0.0.3,62367,8080,UDP,756,0.93,None
2025-01-01 06:28:00,192.168.1.131,10.0.0.161,28594,80,ICMP,1440,0.74,None
2025-01-01 06:29:00,192.168.1.148,10.0.0.134,28106,8080,ICMP,1353,0.28,None
2025-01-01 06:30:00,192.168.1.152,10.0.0.178,30265,80,UDP,1356,0.13,malware_detected
2025-01-01 06:31:00,192.168.1.54,10.0.0.248,31702,3389,TCP,89,0.85,None
2025-01-01 06:32:00,192.168.1.120,10.0.0.10,45593,80,TCP,238,0.17,None
2025-01-01 06:33:00,192.168.1.161,10.0.0.5,12769,21,TCP,1237,0.85,None
2025-01-01 06:34:00,192.168.1.152,10.0.0.151,27053,21,TCP,1043,0.49,None
2025-01-01 06:35:00,192.168.1.116,10.0.0.138,14049,22,TCP,1609,0.41,None
2025-01-01 06:36:00,192.168.1.75,10.0.0.172,37148,21,ICMP,585,0.9,None
2025-01-01 06:37:00,192.168.1.113,10.0.0.130,58883,445,UDP,1077,0.6,None
2025-01-01 06:38:00,192.168.1.200,10.0.0.13,15312,80,ICMP,1908,0.58,None
2025-01-01 06:39:00,192.168.1.164,10.0.0.168,24674,21,TCP,339,0.56,None
2025-01-01 06:40:00,192.168.1.166,10.0.0.130,7564,3389,TCP,482,0.37,None
2025-01-01 06:41:00,192.168.1.104,10.0.0.84,33256,8080,TCP,520,0.79,malware_detected
2025-01-01 06:42:00,192.168.1.84,10.0.0.65,17446,53,TCP,1254,0.25,None
2025-01-01 06:43:00,192.168.1.254,10.0.0.63,4366,8080,UDP,1321,0.94,None
2025-01-01 06:44:00,192.168.1.227,10.0.0.101,42870,22,TCP,677,0.89,None
2025-01-01 06:45:00,192.168.1.112,10.0.0.73,36636,8080,UDP,328,0.34,None
2025-01-01 06:46:00,192.168.1.254,10.0.0.17,11420,80,TCP,926,0.73,None
2025-01-01 06:47:00,192.168.1.217,10.0.0.9,18506,22,UDP,630,0.57,None
2025-01-01 06:48:00,192.168.1.99,10.0.0.203,24435,80,ICMP,912,0.34,malware_detected
2025-01-01 06:49:00,192.168.1.153,10.0.0.143,51999,3389,TCP,303,0.99,malware_detected
2025-01-01 06:50:00,192.168.1.93,10.0.0.152,61569,22,UDP,230,0.03,None
2025-01-01 06:51:00,192.168.1.146,10.0.0.38,47790,443,ICMP,1903,0.25,None
2025-01-01 06:52:00,192.168.1.128,10.0.0.247,14285,445,TCP,730,0.52,malware_detected
2025-01-01 06:53:00,192.168.1.110,10.0.0.163,53331,445,TCP,874,0.52,None
2025-01-01 06:54:00,192.168.1.82,10.0.0.94,4117,80,TCP,1582,0.59,malware_detected
2025-01-01 06:55:00,192.168.1.194,10.0.0.95,12746,8080,UDP,1834,0.75,None
2025-01-01 06:56:00,192.168.1.54,10.0.0.49,23066,53,UDP,749,0.62,None
2025-01-01 06:57:00,192.168.1.163,10.0.0.69,53954,53,ICMP,615,0.6,None
2025-01-01 06:58:00,192.168.1.208,10.0.0.62,53072,443,UDP,1399,0.05,None
2025-01-01 06:59:00,192.168.1.189,10.0.0.188,45437,22,UDP,1430,0.38,None
2025-01-01 07:00:00,192.168.1.169,10.0.0.236,48875,443,TCP,1898,0.23,None
2025-01-01 07:01:00,192.168.1.228,10.0.0.178,29111,443,TCP,1723,0.27,None
2025-01-01 07:02:00,192.168.1.161,10.0.0.78,33371,8080,TCP,729,0.55,None
2025-01-01 07:03:00,192.168.1.68,10.0.0.117,34780,53,TCP,440,0.2,None
2025-01-01 07:04:00,192.168.1.33,10.0.0.120,54292,22,TCP,1688,0.29,None
2025-01-01 07:05:00,192.168.1.142,10.0.0.203,40238,3389,TCP,1158,0.24,None
2025-01-01 07:06:00,192.168.1.21,10.0.0.137,17359,8080,TCP,1390,0.95,None
2025-01-01 07:07:00,192.168.1.48,10.0.0.162,63332,443,ICMP,261,0.94,None
2025-01-01 07:08:00,192.168.1.148,10.0.0.76,29626,443,ICMP,1588,0.61,malware_detected
2025-01-01 07:09:00,192.168.1.248,10.0.0.227,54355,3389,ICMP,433,0.92,malware_detected
2025-01-01 07:10:00,192.168.1.128,10.0.0.35,49925,443,ICMP,1764,0.79,None
2025-01-01 07:11:00,192.168.1.136,10.0.0.1,35474,443,TCP,391,0.59,None
2025-01-01 07:12:00,192.168.1.135,10.0.0.40,64440,443,ICMP,1888,0.01,None
2025-01-01 07:13:00,192.168.1.195,10.0.0.64,33220,445,TCP,893,0.77,malware_detected
2025-01-01 07:14:00,192.168.1.145,10.0.0.150,63874,8080,ICMP,1111,0.7,None
2025-01-01 07:15:00,192.168.1.128,10.0.0.60,6650,21,UDP,1584,0.62,None
2025-01-01 07:16:00,192.168.1.33,10.0.0.64,8448,8080,ICMP,469,0.76,None
2025-01-01 07:17:00,192.168.1.176,10.0.0.93,13881,3389,ICMP,800,0.51,None
2025-01-01 07:18:00,192.168.1.204,10.0.0.72,45947,443,TCP,1242,0.7,None
2025-01-01 07:19:00,192.168.1.187,10.0.0.11,51109,8080,ICMP,1982,0.94,None
2025-01-01 07:20:00,192.168.1.115,10.0.0.105,21006,445,UDP,1416,0.38,malware_detected
2025-01-01 07:21:00,192.168.1.214,10.0.0.229,12449,53,TCP,1899,0.71,malware_detected
2025-01-01 07:22:00,192.168.1.119,10.0.0.14,3004,3389,TCP,355,0.48,None
2025-01-01 07:23:00,192.168.1.22,10.0.0.60,49314,80,ICMP,1615,0.67,None
2025-01-01 07:24:00,192.168.1.238,10.0.0.30,27455,8080,TCP,751,0.76,None
2025-01-01 07:25:00,192.168.1.158,10.0.0.35,20464,80,TCP,918,0.05,None
2025-01-01 07:26:00,192.168.1.38,10.0.0.213,42776,443,TCP,586,0.65,None
2025-01-01 07:27:00,192.168.1.230,10.0.0.165,18199,445,TCP,1185,0.23,None
2025-01-01 07:28:00,192.168.1.109,10.0.0.5,49675,445,TCP,1484,0.67,None
2025-01-01 07:29:00,192.168.1.51,10.0.0.83,27409,8080,TCP,255,0.47,None
2025-01-01 07:30:00,192.168.1.182,10.0.0.123,39182,3389,UDP,1258,0.77,None
2025-01-01 07:31:00,192.168.1.8,10.0.0.78,24043,3389,ICMP,1455,0.12,None
2025-01-01 07:32:00,192.168.1.27,10.0.0.154,19663,445,UDP,545,0.63,None
2025-01-01 07:33:00,192.168.1.27,10.0.0.62,21018,3389,TCP,1452,0.28,malware_detected
2025-01-01 07:34:00,192.168.1.226,10.0.0.132,35399,445,TCP,1120,0.85,malware_detected
2025-01-01 07:35:00,192.168.1.21,10.0.0.89,22587,8080,ICMP,1959,0.93,malware_detected
2025-01-01 07:36:00,192.168.1.30,10.0.0.237,40365,21,UDP,1813,1.0,None
2025-01-01 07:37:00,192.168.1.97,10.0.0.42,51160,445,ICMP,1624,0.8,None
2025-01-01 07:38:00,192.168.1.28,10.0.0.89,6800,80,UDP,1601,0.75,None
2025-01-01 07:39:00,192.168.1.111,10.0.0.146,37468,3389,TCP,553,0.22,malware_detected
2025-01-01 07:40:00,192.168.1.192,10.0.0.40,4404,445,ICMP,1095,0.34,None
2025-01-01 07:41:00,192.168.1.225,10.0.0.72,9735,445,ICMP,262,0.47,None
2025-01-01 07:42:00,192.168.1.197,10.0.0.39,9806,8080,TCP,359,0.77,None
2025-01-01 07:43:00,192.168.1.252,10.0.0.104,18458,3389,ICMP,710,0.91,None
2025-01-01 07:44:00,192.168.1.61,10.0.0.14,47789,21,UDP,802,0.19,None
2025-01-01 07:45:00,192.168.1.48,10.0.0.32,21041,8080,UDP,321,0.92,None
2025-01-01 07:46:00,192.168.1.147,10.0.0.179,31731,21,UDP,1644,0.7,None
2025-01-01 07:47:00,192.168.1.4,10.0.0.125,40134,53,UDP,1872,0.61,None
2025-01-01 07:48:00,192.168.1.35,10.0.0.166,64898,8080,TCP,987,0.2,malware_detected
2025-01-01 07:49:00,192.168.1.192,10.0.0.97,62812,3389,ICMP,1275,0.06,None
2025-01-01 07:50:00,192.168.1.49,10.0.0.23,18367,22,UDP,81,0.57,None
2025-01-01 07:51:00,192.168.1.17,10.0.0.63,39851,3389,TCP,492,0.65,None
2025-01-01 07:52:00,192.168.1.172,10.0.0.143,42676,3389,ICMP,211,0.21,malware_detected
2025-01-01 07:53:00,192.168.1.220,10.0.0.225,6679,21,ICMP,816,0.56,None
2025-01-01 07:54:00,192.168.1.158,10.0.0.153,45883,21,TCP,303,0.86,malware_detected
2025-01-01 07:55:00,192.168.1.221,10.0.0.145,54649,3389,TCP,570,0.84,None
2025-01-01 07:56:00,192.168.1.46,10.0.0.225,53122,3389,UDP,1026,0.93,malware_detected
2025-01-01 07:57:00,192.168.1.117,10.0.0.239,16275,3389,ICMP,1724,0.37,malware_detected
2025-01-01 07:58:00,192.168.1.6,10.0.0.247,57901,21,ICMP,1553,0.32,None
2025-01-01 07:59:00,192.168.1.99,10.0.0.194,1550,3389,TCP,59,0.75,None
2025-01-01 08:00:00,192.168.1.124,10.0.0.206,4248,3389,ICMP,775,0.43,None
2025-01-01 08:01:00,192.168.1.233,10.0.0.53,48861,53,UDP,554,0.09,None
2025-01-01 08:02:00,192.168.1.37,10.0.0.104,60621,443,ICMP,834,0.28,None
2025-01-01 08:03:00,192.168.1.24,10.0.0.104,64966,22,TCP,1909,0.42,None
2025-01-01 08:04:00,192.168.1.93,10.0.0.179,12560,80,TCP,1633,0.29,None
2025-01-01 08:05:00,192.168.1.241,10.0.0.39,29565,22,UDP,485,0.33,None
2025-01-01 08:06:00,192.168.1.46,10.0.0.179,14571,443,UDP,1184,0.29,None
2025-01-01 08:07:00,192.168.1.181,10.0.0.198,52051,80,ICMP,202,0.04,None
2025-01-01 08:08:00,192.168.1.95,10.0.0.134,35555,8080,ICMP,1708,0.64,None
2025-01-01 08:09:00,192.168.1.99,10.0.0.67,9736,3389,TCP,966,0.6,None
2025-01-01 08:10:00,192.168.1.188,10.0.0.135,39589,443,UDP,918,0.65,None
2025-01-01 08:11:00,192.168.1.225,10.0.0.179,10232,53,UDP,1175,0.19,None
2025-01-01 08:12:00,192.168.1.116,10.0.0.200,57275,8080,UDP,802,0.3,malware_detected
2025-01-01 08:13:00,192.168.1.191,10.0.0.42,65237,3389,ICMP,1906,0.62,None
2025-01-01 08:14:00,192.168.1.253,10.0.0.192,6133,21,UDP,1264,0.6,None
2025-01-01 08:15:00,192.168.1.213,10.0.0.244,56820,445,TCP,1802,0.51,None
2025-01-01 08:16:00,192.168.1.160,10.0.0.15,50292,443,TCP,612,0.35,None
2025-01-01 08:17:00,192.168.1.215,10.0.0.111,36225,21,ICMP,1877,0.91,malware_detected
2025-01-01 08:18:00,192.168.1.161,10.0.0.157,55639,443,ICMP,1154,0.34,malware_detected
2025-01-01 08:19:00,192.168.1.67,10.0.0.33,17991,53,UDP,538,0.46,None
2025-01-01 08:20:00,192.168.1.128,10.0.0.244,58762,443,ICMP,944,0.68,None
2025-01-01 08:21:00,192.168.1.18,10.0.0.222,30783,21,TCP,1161,0.54,None
2025-01-01 08:22:00,192.168.1.25,10.0.0.231,21196,53,UDP,1267,0.35,None
2025-01-01 08:23:00,192.168.1.234,10.0.0.155,61136,80,TCP,153,0.44,malware_detected
2025-01-01 08:24:00,192.168.1.223,10.0.0.164,37959,22,UDP,1856,0.79,None
2025-01-01 08:25:00,192.168.1.54,10.0.0.157,62228,3389,ICMP,1169,0.28,None
2025-01-01 08:26:00,192.168.1.58,10.0.0.38,58641,443,UDP,1496,0.14,None
2025-01-01 08:27:00,192.168.1.67,10.0.0.185,27613,3389,UDP,1964,0.31,None
2025-01-01 08:28:00,192.168.1.104,10.0.0.97,31039,445,TCP,1271,0.85,None
2025-01-01 08:29:00,192.168.1.174,10.0.0.253,30033,21,TCP,1074,0.09,None
2025-01-01 08:30:00,192.168.1.24,10.0.0.229,18797,3389,UDP,1056,0.99,None
2025-01-01 08:31:00,192.168.1.114,10.0.0.155,61934,21,ICMP,456,0.54,None
2025-01-01 08:32:00,192.168.1.32,10.0.0.183,63070,3389,ICMP,1451,0.98,None
2025-01-01 08:33:00,192.168.1.175,10.0.0.33,42149,22,TCP,216,0.94,malware_detected
2025-01-01 08:34:00,192.168.1.86,10.0.0.254,27167,22,ICMP,558,0.45,None
2025-01-01 08:35:00,192.168.1.151,10.0.0.196,7178,53,TCP,1711,0.2,None
2025-01-01 08:36:00,192.168.1.194,10.0.0.86,22828,22,ICMP,362,0.16,None
2025-01-01 08:37:00,192.168.1.127,10.0.0.66,42712,53,UDP,1666,0.24,None
2025-01-01 08:38:00,192.168.1.155,10.0.0.10,65312,22,TCP,1491,0.71,None
2025-01-01 08:39:00,192.168.1.234,10.0.0.5,52219,22,TCP,812,0.27,None
2025-01-01 08:40:00,192.168.1.130,10.0.0.123,21605,22,UDP,730,0.34,None
2025-01-01 08:41:00,192.168.1.218,10.0.0.74,53672,21,TCP,526,0.45,malware_detected
2025-01-01 08:42:00,192.168.1.17,10.0.0.97,31111,443,ICMP,122,0.91,None
2025-01-01 08:43:00,192.168.1.104,10.0.0.118,50954,53,ICMP,1214,0.19,None
2025-01-01 08:44:00,192.168.1.161,10.0.0.38,34005,3389,TCP,631,0.01,None
2025-01-01 08:45:00,192.168.1.137,10.0.0.141,4786,22,ICMP,311,0.06,None
2025-01-01 08:46:00,192.168.1.43,10.0.0.159,47191,21,TCP,1413,0.9,None
2025-01-01 08:47:00,192.168.1.246,10.0.0.47,10792,21,UDP,1381,0.65,None
2025-01-01 08:48:00,192.168.1.176,10.0.0.228,44432,21,TCP,294,0.27,None
2025-01-01 08:49:00,192.168.1.39,10.0.0.109,40523,53,UDP,1588,0.18,None
2025-01-01 08:50:00,192.168.1.221,10.0.0.216,61304,443,ICMP,1410,0.29,None
2025-01-01 08:51:00,192.168.1.170,10.0.0.180,53293,53,UDP,1648,0.11,None
2025-01-01 08:52:00,192.168.1.247,10.0.0.184,39583,3389,ICMP,610,0.94,malware_detected
2025-01-01 08:53:00,192.168.1.26,10.0.0.15,49614,443,TCP,1149,0.78,None
2025-01-01 08:54:00,192.168.1.99,10.0.0.157,9807,80,ICMP,1953,0.46,None
2025-01-01 08:55:00,192.168.1.50,10.0.0.136,47413,8080,TCP,224,0.86,None
2025-01-01 08:56:00,192.168.1.153,10.0.0.5,30805,21,TCP,158,0.25,None
2025-01-01 08:57:00,192.168.1.152,10.0.0.157,31835,53,UDP,232,0.72,None
2025-01-01 08:58:00,192.168.1.13,10.0.0.47,49811,80,UDP,241,0.86,None
2025-01-01 08:59:00,192.168.1.60,10.0.0.68,36512,445,UDP,114,0.36,None
2025-01-01 09:00:00,192.168.1.250,10.0.0.76,9929,53,UDP,1922,0.76,None
2025-01-01 09:01:00,192.168.1.135,10.0.0.173,10151,22,ICMP,1012,0.3,None
2025-01-01 09:02:00,192.168.1.57,10.0.0.130,23455,8080,ICMP,1547,0.3,None
2025-01-01 09:03:00,192.168.1.36,10.0.0.155,62705,22,ICMP,1856,0.11,malware_detected
2025-01-01 09:04:00,192.168.1.173,10.0.0.95,64507,443,TCP,1173,0.44,None
2025-01-01 09:05:00,192.168.1.20,10.0.0.115,58208,8080,ICMP,1617,0.73,None
2025-01-01 09:06:00,192.168.1.65,10.0.0.243,50177,53,ICMP,913,0.94,None
2025-01-01 09:07:00,192.168.1.8,10.0.0.164,7392,3389,ICMP,1201,0.6,None
2025-01-01 09:08:00,192.168.1.238,10.0.0.36,28448,80,UDP,1525,0.86,None
2025-01-01 09:09:00,192.168.1.144,10.0.0.26,47848,3389,ICMP,1987,0.82,None
2025-01-01 09:10:00,192.168.1.142,10.0.0.43,46028,53,TCP,418,0.17,None
2025-01-01 09:11:00,192.168.1.204,10.0.0.27,19357,443,UDP,900,0.49,None
2025-01-01 09:12:00,192.168.1.115,10.0.0.69,24140,22,TCP,92,0.12,None
2025-01-01 09:13:00,192.168.1.215,10.0.0.148,48243,8080,ICMP,1957,0.68,None
2025-01-01 09:14:00,192.168.1.143,10.0.0.11,58009,3389,UDP,1492,0.95,malware_detected
2025-01-01 09:15:00,192.168.1.92,10.0.0.254,51093,53,TCP,537,0.14,None
2025-01-01 09:16:00,192.168.1.98,10.0.0.74,53350,3389,ICMP,127,0.73,malware_detected
2025-01-01 09:17:00,192.168.1.66,10.0.0.104,44225,53,TCP,875,0.63,None
2025-01-01 09:18:00,192.168.1.32,10.0.0.38,16549,22,TCP,1874,0.58,None
2025-01-01 09:19:00,192.168.1.215,10.0.0.134,24422,8080,TCP,1343,0.39,malware_detected
2025-01-01 09:20:00,192.168.1.191,10.0.0.200,33881,80,ICMP,723,0.36,None
2025-01-01 09:21:00,192.168.1.86,10.0.0.23,51885,22,ICMP,750,0.05,malware_detected
2025-01-01 09:22:00,192.168.1.51,10.0.0.47,11385,3389,TCP,808,0.22,None
2025-01-01 09:23:00,192.168.1.153,10.0.0.90,17393,80,UDP,1973,0.02,None
2025-01-01 09:24:00,192.168.1.186,10.0.0.46,62606,53,UDP,777,0.58,malware_detected
2025-01-01 09:25:00,192.168.1.63,10.0.0.107,4065,80,ICMP,1388,0.11,None
2025-01-01 09:26:00,192.168.1.190,10.0.0.140,1129,53,ICMP,974,0.87,malware_detected
2025-01-01 09:27:00,192.168.1.125,10.0.0.218,10102,22,ICMP,1924,0.52,malware_detected
2025-01-01 09:28:00,192.168.1.150,10.0.0.141,26027,3389,ICMP,951,0.7,None
2025-01-01 09:29:00,192.168.1.58,10.0.0.104,63792,443,ICMP,938,0.41,None
2025-01-01 09:30:00,192.168.1.58,10.0.0.190,52071,3389,UDP,1042,0.56,None
2025-01-01 09:31:00,192.168.1.86,10.0.0.210,7114,53,ICMP,1241,0.94,None
2025-01-01 09:32:00,192.168.1.49,10.0.0.217,58684,21,TCP,388,0.08,None
2025-01-01 09:33:00,192.168.1.180,10.0.0.225,39874,8080,TCP,242,0.25,None
2025-01-01 09:34:00,192.168.1.170,10.0.0.111,50810,445,UDP,1526,0.78,None
2025-01-01 09:35:00,192.168.1.70,10.0.0.104,2949,443,TCP,332,0.1,None
2025-01-01 09:36:00,192.168.1.15,10.0.0.60,19464,80,UDP,1409,0.08,malware_detected
2025-01-01 09:37:00,192.168.1.54,10.0.0.171,40709,443,UDP,439,0.36,None
2025-01-01 09:38:00,192.168.1.235,10.0.0.204,53320,8080,TCP,1049,0.09,None
2025-01-01 09:39:00,192.168.1.188,10.0.0.236,60638,80,ICMP,574,0.59,None
2025-01-01 09:40:00,192.168.1.101,10.0.0.100,27039,8080,TCP,1313,0.23,None
2025-01-01 09:41:00,192.168.1.225,10.0.0.240,34344,80,TCP,1905,0.9,None
2025-01-01 09:42:00,192.168.1.8,10.0.0.68,26315,443,UDP,1556,0.78,None
2025-01-01 09:43:00,192.168.1.53,10.0.0.133,55559,80,TCP,708,0.7,malware_detected
2025-01-01 09:44:00,192.168.1.60,10.0.0.120,37703,80,UDP,765,0.62,None
2025-01-01 09:45:00,192.168.1.236,10.0.0.37,27313,21,ICMP,1665,0.86,None
2025-01-01 09:46:00,192.168.1.108,10.0.0.72,64347,3389,ICMP,940,0.22,None
2025-01-01 09:47:00,192.168.1.5,10.0.0.127,4413,3389,ICMP,1628,0.87,malware_detected
2025-01-01 09:48:00,192.168.1.103,10.0.0.106,26707,445,TCP,1531,0.79,None
2025-01-01 09:49:00,192.168.1.196,10.0.0.241,14653,445,UDP,1162,0.75,None
2025-01-01 09:50:00,192.168.1.6,10.0.0.92,62574,53,ICMP,1733,0.56,None
2025-01-01 09:51:00,192.168.1.109,10.0.0.31,25850,53,UDP,1168,0.25,None
2025-01-01 09:52:00,192.168.1.224,10.0.0.122,36222,53,UDP,501,0.42,None
2025-01-01 09:53:00,192.168.1.116,10.0.0.137,27654,21,ICMP,477,0.79,None
2025-01-01 09:54:00,192.168.1.94,10.0.0.246,34250,445,ICMP,1224,0.03,malware_detected
2025-01-01 09:55:00,192.168.1.47,10.0.0.51,47187,8080,UDP,1587,0.78,None
2025-01-01 09:56:00,192.168.1.99,10.0.0.29,33999,53,ICMP,1449,0.24,None
2025-01-01 09:57:00,192.168.1.55,10.0.0.206,1923,53,UDP,1095,0.14,None
2025-01-01 09:58:00,192.168.1.168,10.0.0.40,12677,443,UDP,932,0.12,None
2025-01-01 09:59:00,192.168.1.52,10.0.0.41,28985,22,ICMP,362,0.03,None
2025-01-01 10:00:00,192.168.1.144,10.0.0.214,17429,8080,TCP,889,0.52,None
2025-01-01 10:01:00,192.168.1.13,10.0.0.11,9625,53,ICMP,568,0.22,None
2025-01-01 10:02:00,192.168.1.114,10.0.0.151,34686,53,TCP,1279,0.99,None
2025-01-01 10:03:00,192.168.1.124,10.0.0.1,34306,53,UDP,424,0.57,None
2025-01-01 10:04:00,192.168.1.106,10.0.0.46,57470,22,UDP,500,0.14,None
2025-01-01 10:05:00,192.168.1.158,10.0.0.101,22312,22,TCP,1699,0.69,None
2025-01-01 10:06:00,192.168.1.147,10.0.0.149,58043,21,UDP,1857,0.9,None
2025-01-01 10:07:00,192.168.1.145,10.0.0.90,30569,8080,TCP,1064,0.75,None
2025-01-01 10:08:00,192.168.1.120,10.0.0.110,37901,21,TCP,644,0.08,malware_detected
2025-01-01 10:09:00,192.168.1.63,10.0.0.164,47050,80,UDP,1252,0.9,None
2025-01-01 10:10:00,192.168.1.19,10.0.0.182,16337,22,TCP,1283,0.79,None
2025-01-01 10:11:00,192.168.1.92,10.0.0.215,16373,443,ICMP,549,0.16,malware_detected
2025-01-01 10:12:00,192.168.1.58,10.0.0.57,8203,445,ICMP,513,0.05,malware_detected
2025-01-01 10:13:00,192.168.1.183,10.0.0.1,11350,443,UDP,1913,0.56,None
2025-01-01 10:14:00,192.168.1.90,10.0.0.63,45579,445,UDP,1197,0.16,None
2025-01-01 10:15:00,192.168.1.229,10.0.0.182,61324,22,TCP,162,0.83,None
2025-01-01 10:16:00,192.168.1.218,10.0.0.55,2584,22,TCP,1085,0.36,None
2025-01-01 10:17:00,192.168.1.117,10.0.0.115,14636,22,TCP,1199,0.91,None
2025-01-01 10:18:00,192.168.1.62,10.0.0.168,18674,21,TCP,1638,0.57,None
2025-01-01 10:19:00,192.168.1.23,10.0.0.143,27769,8080,ICMP,380,0.18,None
2025-01-01 10:20:00,192.168.1.127,10.0.0.149,32914,445,ICMP,1974,0.14,None
2025-01-01 10:21:00,192.168.1.137,10.0.0.175,21046,8080,UDP,1356,0.58,None
2025-01-01 10:22:00,192.168.1.140,10.0.0.201,59117,21,TCP,189,0.76,None
2025-01-01 10:23:00,192.168.1.245,10.0.0.53,53603,21,TCP,1474,0.78,None
2025-01-01 10:24:00,192.168.1.129,10.0.0.137,5804,3389,UDP,951,0.28,None
2025-01-01 10:25:00,192.168.1.58,10.0.0.202,19335,443,TCP,1170,0.2,None
2025-01-01 10:26:00,192.168.1.122,10.0.0.180,29404,443,TCP,566,0.02,None
2025-01-01 10:27:00,192.168.1.1,10.0.0.57,45686,80,TCP,618,0.68,None
2025-01-01 10:28:00,192.168.1.239,10.0.0.117,3380,53,TCP,1997,0.08,malware_detected
2025-01-01 10:29:00,192.168.1.34,10.0.0.154,5814,21,TCP,895,0.42,None
2025-01-01 10:30:00,192.168.1.96,10.0.0.169,27935,445,UDP,1142,0.6,None
2025-01-01 10:31:00,192.168.1.126,10.0.0.35,50482,3389,TCP,167,0.94,malware_detected
2025-01-01 10:32:00,192.168.1.118,10.0.0.63,25387,3389,UDP,937,0.31,None
2025-01-01 10:33:00,192.168.1.48,10.0.0.244,21073,53,TCP,1132,0.25,None
2025-01-01 10:34:00,192.168.1.89,10.0.0.25,11205,8080,ICMP,1106,0.65,malware_detected
2025-01-01 10:35:00,192.168.1.232,10.0.0.90,40849,53,ICMP,1391,0.62,None
2025-01-01 10:36:00,192.168.1.237,10.0.0.75,17106,53,ICMP,99,0.33,None
2025-01-01 10:37:00,192.168.1.117,10.0.0.38,1685,53,ICMP,1953,0.93,None
2025-01-01 10:38:00,192.168.1.129,10.0.0.130,38436,443,UDP,1562,0.84,None
2025-01-01 10:39:00,192.168.1.16,10.0.0.135,49503,21,UDP,68,0.22,None
2025-01-01 10:40:00,192.168.1.189,10.0.0.210,58679,80,TCP,775,0.24,None
2025-01-01 10:41:00,192.168.1.231,10.0.0.219,3944,21,ICMP,246,0.51,None
2025-01-01 10:42:00,192.168.1.192,10.0.0.162,26682,8080,UDP,1964,0.77,None
2025-01-01 10:43:00,192.168.1.191,10.0.0.91,49794,22,TCP,1523,0.04,None
2025-01-01 10:44:00,192.168.1.69,10.0.0.17,61339,53,TCP,608,0.69,None
2025-01-01 10:45:00,192.168.1.22,10.0.0.128,15049,21,UDP,1752,0.65,None
2025-01-01 10:46:00,192.168.1.93,10.0.0.171,9970,8080,ICMP,501,0.23,None
2025-01-01 10:47:00,192.168.1.247,10.0.0.187,29730,22,TCP,338,0.68,None
2025-01-01 10:48:00,192.168.1.195,10.0.0.108,46524,22,ICMP,1214,0.94,None
2025-01-01 10:49:00,192.168.1.76,10.0.0.251,40028,53,ICMP,1157,0.05,None
2025-01-01 10:50:00,192.168.1.154,10.0.0.179,17333,80,ICMP,1767,0.32,None
2025-01-01 10:51:00,192.168.1.144,10.0.0.182,56254,445,TCP,440,0.44,malware_detected
2025-01-01 10:52:00,192.168.1.179,10.0.0.152,47310,443,ICMP,1664,0.9,None
2025-01-01 10:53:00,192.168.1.229,10.0.0.25,34144,21,TCP,264,0.96,None
2025-01-01 10:54:00,192.168.1.86,10.0.0.199,59270,22,ICMP,1599,0.44,None
2025-01-01 10:55:00,192.168.1.185,10.0.0.180,31051,21,TCP,264,0.75,malware_detected
2025-01-01 10:56:00,192.168.1.29,10.0.0.198,62256,445,ICMP,1476,0.53,None
2025-01-01 10:57:00,192.168.1.206,10.0.0.245,8029,443,UDP,177,0.54,None
2025-01-01 10:58:00,192.168.1.220,10.0.0.88,47828,445,ICMP,1895,0.28,None
2025-01-01 10:59:00,192.168.1.69,10.0.0.161,50334,443,ICMP,1550,0.22,None
2025-01-01 11:00:00,192.168.1.47,10.0.0.177,60345,3389,TCP,809,0.29,None
2025-01-01 11:01:00,192.168.1.241,10.0.0.29,1980,443,TCP,453,0.56,None
2025-01-01 11:02:00,192.168.1.94,10.0.0.63,35863,53,ICMP,1102,0.03,malware_detected
2025-01-01 11:03:00,192.168.1.238,10.0.0.235,9619,80,UDP,1865,0.91,None
2025-01-01 11:04:00,192.168.1.190,10.0.0.150,48932,445,UDP,387,0.16,None
2025-01-01 11:05:00,192.168.1.244,10.0.0.154,13827,22,TCP,880,0.22,malware_detected
2025-01-01 11:06:00,192.168.1.197,10.0.0.156,61147,53,UDP,763,0.52,None
2025-01-01 11:07:00,192.168.1.204,10.0.0.114,26987,3389,ICMP,410,0.71,None
2025-01-01 11:08:00,192.168.1.144,10.0.0.213,37245,80,TCP,618,0.1,None
2025-01-01 11:09:00,192.168.1.218,10.0.0.49,40467,21,ICMP,1465,0.32,None
2025-01-01 11:10:00,192.168.1.218,10.0.0.199,34747,53,TCP,267,0.97,None
2025-01-01 11:11:00,192.168.1.176,10.0.0.81,40087,445,TCP,1647,0.26,None
2025-01-01 11:12:00,192.168.1.85,10.0.0.84,49713,8080,TCP,1742,0.31,None
2025-01-01 11:13:00,192.168.1.39,10.0.0.105,51888,8080,TCP,251,0.84,None
2025-01-01 11:14:00,192.168.1.100,10.0.0.177,16306,22,UDP,66,0.05,None
2025-01-01 11:15:00,192.168.1.33,10.0.0.148,5727,443,ICMP,371,0.46,None
2025-01-01 11:16:00,192.168.1.254,10.0.0.118,7587,22,ICMP,567,0.38,None
2025-01-01 11:17:00,192.168.1.222,10.0.0.86,26873,8080,ICMP,1643,0.32,None
2025-01-01 11:18:00,192.168.1.101,10.0.0.220,32884,21,TCP,1398,0.29,None
2025-01-01 11:19:00,192.168.1.23,10.0.0.63,32609,3389,UDP,1485,0.09,None
2025-01-01 11:20:00,192.168.1.250,10.0.0.189,23039,3389,ICMP,1391,0.31,malware_detected
2025-01-01 11:21:00,192.168.1.10,10.0.0.104,13027,445,UDP,730,0.04,None
2025-01-01 11:22:00,192.168.1.246,10.0.0.49,44609,3389,TCP,1155,0.78,None
2025-01-01 11:23:00,192.168.1.69,10.0.0.71,27982,445,ICMP,1547,0.4,None
2025-01-01 11:24:00,192.168.1.100,10.0.0.1,27041,53,UDP,1541,0.44,None
2025-01-01 11:25:00,192.168.1.34,10.0.0.224,12195,445,TCP,474,0.89,None
2025-01-01 11:26:00,192.168.1.180,10.0.0.141,60165,53,UDP,1804,0.66,None
2025-01-01 11:27:00,192.168.1.223,10.0.0.222,46374,445,ICMP,1762,0.01,None
2025-01-01 11:28:00,192.168.1.138,10.0.0.215,13225,8080,ICMP,1277,0.94,None
2025-01-01 11:29:00,192.168.1.250,10.0.0.179,30450,8080,TCP,1656,0.24,None
2025-01-01 11:30:00,192.168.1.147,10.0.0.123,18802,443,TCP,1068,0.11,None
2025-01-01 11:31:00,192.168.1.186,10.0.0.184,46265,53,TCP,436,0.77,None
2025-01-01 11:32:00,192.168.1.96,10.0.0.211,43253,80,UDP,827,0.5,None
2025-01-01 11:33:00,192.168.1.1,10.0.0.62,22140,53,UDP,147,0.43,None
2025-01-01 11:34:00,192.168.1.248,10.0.0.32,63755,445,UDP,1418,0.25,None
2025-01-01 11:35:00,192.168.1.69,10.0.0.158,53890,445,TCP,1876,0.55,None
2025-01-01 11:36:00,192.168.1.237,10.0.0.29,49388,80,ICMP,257,0.27,None
2025-01-01 11:37:00,192.168.1.4,10.0.0.49,34321,22,ICMP,1587,0.9,None
2025-01-01 11:38:00,192.168.1.16,10.0.0.173,61991,445,UDP,1709,0.22,None
2025-01-01 11:39:00,192.168.1.24,10.0.0.221,64532,443,UDP,1865,0.88,None
2025-01-01 11:40:00,192.168.1.80,10.0.0.30,20366,3389,ICMP,635,0.56,None
2025-01-01 11:41:00,192.168.1.247,10.0.0.144,58080,3389,ICMP,215,0.83,None
2025-01-01 11:42:00,192.168.1.2,10.0.0.168,28514,21,UDP,71,0.71,malware_detected
2025-01-01 11:43:00,192.168.1.241,10.0.0.19,63257,21,UDP,203,0.7,None
2025-01-01 11:44:00,192.168.1.220,10.0.0.18,20999,3389,ICMP,1512,0.32,None
2025-01-01 11:45:00,192.168.1.128,10.0.0.1,27747,3389,TCP,1368,0.23,None
2025-01-01 11:46:00,192.168.1.160,10.0.0.78,24303,8080,UDP,268,0.21,None
2025-01-01 11:47:00,192.168.1.219,10.0.0.115,13789,443,ICMP,718,0.86,malware_detected
2025-01-01 11:48:00,192.168.1.84,10.0.0.175,47702,80,ICMP,1568,0.82,None
2025-01-01 11:49:00,192.168.1.152,10.0.0.242,12585,21,ICMP,279,0.44,None
2025-01-01 11:50:00,192.168.1.140,10.0.0.194,42923,8080,ICMP,69,0.13,None
2025-01-01 11:51:00,192.168.1.178,10.0.0.246,1549,8080,TCP,602,0.38,None
2025-01-01 11:52:00,192.168.1.163,10.0.0.220,23885,80,ICMP,999,0.62,None
2025-01-01 11:53:00,192.168.1.124,10.0.0.113,50177,8080,UDP,197,0.45,None
2025-01-01 11:54:00,192.168.1.33,10.0.0.114,34166,53,TCP,1181,0.78,None
2025-01-01 11:55:00,192.168.1.161,10.0.0.222,27940,443,ICMP,452,1.0,None
2025-01-01 11:56:00,192.168.1.189,10.0.0.166,65348,3389,TCP,645,0.19,None
2025-01-01 11:57:00,192.168.1.179,10.0.0.179,45989,445,UDP,1556,0.46,malware_detected
2025-01-01 11:58:00,192.168.1.171,10.0.0.63,61420,80,ICMP,416,0.43,None
2025-01-01 11:59:00,192.168.1.101,10.0.0.132,5672,3389,UDP,1907,0.3,None
2025-01-01 12:00:00,192.168.1.12,10.0.0.129,36157,3389,ICMP,1487,0.2,None
2025-01-01 12:01:00,192.168.1.67,10.0.0.8,51701,22,ICMP,1382,0.07,None
2025-01-01 12:02:00,192.168.1.65,10.0.0.157,31547,53,ICMP,851,0.89,None
2025-01-01 12:03:00,192.168.1.161,10.0.0.55,30076,80,ICMP,967,0.42,None
2025-01-01 12:04:00,192.168.1.168,10.0.0.103,35438,8080,ICMP,1908,0.5,None
2025-01-01 12:05:00,192.168.1.74,10.0.0.131,33805,445,TCP,1207,0.92,malware_detected
2025-01-01 12:06:00,192.168.1.43,10.0.0.32,5623,80,ICMP,1792,0.78,None
2025-01-01 12:07:00,192.168.1.44,10.0.0.10,36070,8080,ICMP,1356,0.13,None
2025-01-01 12:08:00,192.168.1.29,10.0.0.202,48088,3389,TCP,1851,0.57,None
2025-01-01 12:09:00,192.168.1.141,10.0.0.211,36947,445,TCP,122,0.44,None
2025-01-01 12:10:00,192.168.1.12,10.0.0.110,42113,8080,TCP,530,0.8,None
2025-01-01 12:11:00,192.168.1.95,10.0.0.162,4838,443,TCP,1425,0.72,None
2025-01-01 12:12:00,192.168.1.46,10.0.0.124,46917,8080,TCP,609,0.69,None
2025-01-01 12:13:00,192.168.1.130,10.0.0.225,37008,22,TCP,1399,0.34,malware_detected
2025-01-01 12:14:00,192.168.1.253,10.0.0.87,61306,53,ICMP,794,0.8,None
2025-01-01 12:15:00,192.168.1.243,10.0.0.55,62296,3389,ICMP,1516,0.05,None
2025-01-01 12:16:00,192.168.1.242,10.0.0.220,27640,8080,UDP,149,0.16,None
2025-01-01 12:17:00,192.168.1.35,10.0.0.32,58395,53,ICMP,1132,0.34,None
2025-01-01 12:18:00,192.168.1.215,10.0.0.178,3137,21,ICMP,557,0.08,None
2025-01-01 12:19:00,192.168.1.81,10.0.0.135,59620,21,TCP,307,0.23,None
2025-01-01 12:20:00,192.168.1.90,10.0.0.93,54532,53,TCP,462,0.83,None
2025-01-01 12:21:00,192.168.1.8,10.0.0.8,44030,53,ICMP,1525,0.95,None
2025-01-01 12:22:00,192.168.1.93,10.0.0.65,14784,22,UDP,1138,0.3,None
2025-01-01 12:23:00,192.168.1.154,10.0.0.57,22951,443,TCP,644,0.26,None
2025-01-01 12:24:00,192.168.1.202,10.0.0.247,21963,3389,ICMP,1227,0.28,None
2025-01-01 12:25:00,192.168.1.90,10.0.0.67,62391,80,ICMP,315,0.28,None
2025-01-01 12:26:00,192.168.1.254,10.0.0.216,33443,22,UDP,870,0.04,None
2025-01-01 12:27:00,192.168.1.162,10.0.0.215,13612,443,UDP,1152,0.93,None
2025-01-01 12:28:00,192.168.1.115,10.0.0.187,57238,53,TCP,1388,0.21,None
2025-01-01 12:29:00,192.168.1.105,10.0.0.253,37166,80,UDP,711,0.42,None
2025-01-01 12:30:00,192.168.1.135,10.0.0.72,40222,53,ICMP,996,0.01,None
2025-01-01 12:31:00,192.168.1.196,10.0.0.54,53642,53,ICMP,609,0.86,None
2025-01-01 12:32:00,192.168.1.58,10.0.0.249,53257,21,UDP,966,0.73,None
2025-01-01 12:33:00,192.168.1.245,10.0.0.239,45762,21,UDP,940,0.95,None
2025-01-01 12:34:00,192.168.1.114,10.0.0.229,34421,80,UDP,1321,0.78,None
2025-01-01 12:35:00,192.168.1.237,10.0.0.67,17677,22,UDP,1863,0.31,None
2025-01-01 12:36:00,192.168.1.75,10.0.0.51,11855,21,TCP,917,0.25,None
2025-01-01 12:37:00,192.168.1.157,10.0.0.97,60361,3389,UDP,659,0.7,None
2025-01-01 12:38:00,192.168.1.120,10.0.0.92,6748,53,TCP,463,0.36,None
2025-01-01 12:39:00,192.168.1.164,10.0.0.239,56073,445,ICMP,74,0.57,None
2025-01-01 12:40:00,192.168.1.217,10.0.0.8,12107,8080,UDP,333,0.01,None
2025-01-01 12:41:00,192.168.1.21,10.0.0.162,46941,80,TCP,1522,0.06,malware_detected
2025-01-01 12:42:00,192.168.1.253,10.0.0.35,20840,80,UDP,930,0.54,None
2025-01-01 12:43:00,192.168.1.249,10.0.0.96,43264,21,ICMP,350,0.57,None
2025-01-01 12:44:00,192.168.1.164,10.0.0.88,7300,22,ICMP,1141,0.75,None
2025-01-01 12:45:00,192.168.1.138,10.0.0.78,49427,53,ICMP,1080,0.13,None
2025-01-01 12:46:00,192.168.1.101,10.0.0.32,39687,3389,UDP,866,0.51,None
2025-01-01 12:47:00,192.168.1.201,10.0.0.120,15018,22,UDP,1210,0.19,None
2025-01-01 12:48:00,192.168.1.152,10.0.0.46,24523,443,TCP,1237,0.09,None
2025-01-01 12:49:00,192.168.1.192,10.0.0.235,24064,443,ICMP,132,0.41,None
2025-01-01 12:50:00,192.168.1.227,10.0.0.144,44344,445,UDP,1970,0.16,None
2025-01-01 12:51:00,192.168.1.177,10.0.0.196,17983,21,ICMP,1723,0.22,None
2025-01-01 12:52:00,192.168.1.99,10.0.0.244,57205,21,ICMP,1493,0.32,None
2025-01-01 12:53:00,192.168.1.240,10.0.0.165,7123,21,TCP,1146,0.26,None
2025-01-01 12:54:00,192.168.1.36,10.0.0.182,43291,445,TCP,1310,0.09,None
2025-01-01 12:55:00,192.168.1.210,10.0.0.213,20600,443,TCP,95,0.09,malware_detected
2025-01-01 12:56:00,192.168.1.241,10.0.0.142,36970,22,TCP,667,0.19,malware_detected
2025-01-01 12:57:00,192.168.1.231,10.0.0.223,56228,445,ICMP,977,0.05,None
2025-01-01 12:58:00,192.168.1.96,10.0.0.55,52910,445,TCP,1873,0.63,None
2025-01-01 12:59:00,192.168.1.152,10.0.0.176,7140,22,TCP,311,0.29,malware_detected
2025-01-01 13:00:00,192.168.1.151,10.0.0.210,16587,21,TCP,225,0.28,None
2025-01-01 13:01:00,192.168.1.190,10.0.0.7,27812,3389,TCP,1239,0.33,None
2025-01-01 13:02:00,192.168.1.224,10.0.0.74,27952,22,ICMP,706,0.66,malware_detected
2025-01-01 13:03:00,192.168.1.37,10.0.0.7,37360,443,TCP,891,0.87,None
2025-01-01 13:04:00,192.168.1.12,10.0.0.161,10871,80,ICMP,419,0.76,None
2025-01-01 13:05:00,192.168.1.113,10.0.0.151,27179,53,UDP,1868,0.73,None
2025-01-01 13:06:00,192.168.1.183,10.0.0.85,15159,80,ICMP,103,0.48,None
2025-01-01 13:07:00,192.168.1.13,10.0.0.147,52379,8080,ICMP,739,0.69,None
2025-01-01 13:08:00,192.168.1.23,10.0.0.112,18798,8080,TCP,1492,0.55,None
2025-01-01 13:09:00,192.168.1.217,10.0.0.125,2766,445,UDP,1829,0.22,None
2025-01-01 13:10:00,192.168.1.99,10.0.0.147,19333,53,UDP,1580,0.21,None
2025-01-01 13:11:00,192.168.1.105,10.0.0.36,1643,80,UDP,1414,0.3,None
2025-01-01 13:12:00,192.168.1.30,10.0.0.29,18682,3389,UDP,1200,0.91,None
2025-01-01 13:13:00,192.168.1.17,10.0.0.188,51132,21,ICMP,1482,0.55,None
2025-01-01 13:14:00,192.168.1.113,10.0.0.82,35731,443,UDP,1997,0.73,malware_detected
2025-01-01 13:15:00,192.168.1.62,10.0.0.2,21361,8080,ICMP,416,0.35,None
2025-01-01 13:16:00,192.168.1.84,10.0.0.129,60749,3389,ICMP,1344,0.41,None
2025-01-01 13:17:00,192.168.1.112,10.0.0.47,17025,443,ICMP,693,0.13,None
2025-01-01 13:18:00,192.168.1.217,10.0.0.197,1992,443,UDP,1678,0.17,None
2025-01-01 13:19:00,192.168.1.86,10.0.0.148,48638,21,TCP,428,0.83,None
2025-01-01 13:20:00,192.168.1.141,10.0.0.11,26916,53,TCP,122,0.58,None
2025-01-01 13:21:00,192.168.1.187,10.0.0.234,26643,445,UDP,1996,0.34,None
2025-01-01 13:22:00,192.168.1.19,10.0.0.130,1305,80,TCP,1995,0.8,None
2025-01-01 13:23:00,192.168.1.177,10.0.0.195,28444,21,TCP,964,0.25,None
2025-01-01 13:24:00,192.168.1.100,10.0.0.215,16384,3389,ICMP,1321,0.98,None
2025-01-01 13:25:00,192.168.1.140,10.0.0.119,40054,445,ICMP,909,0.34,None
2025-01-01 13:26:00,192.168.1.189,10.0.0.140,2082,3389,UDP,1858,0.34,None
2025-01-01 13:27:00,192.168.1.233,10.0.0.20,21701,445,UDP,92,0.31,None
2025-01-01 13:28:00,192.168.1.147,10.0.0.5,11748,53,TCP,426,0.12,None
2025-01-01 13:29:00,192.168.1.76,10.0.0.37,29428,8080,ICMP,1114,0.11,malware_detected
2025-01-01 13:30:00,192.168.1.9,10.0.0.166,38970,3389,UDP,219,0.65,None
2025-01-01 13:31:00,192.168.1.199,10.0.0.222,40772,21,UDP,261,0.88,None
2025-01-01 13:32:00,192.168.1.28,10.0.0.137,30880,445,UDP,1566,0.79,None
2025-01-01 13:33:00,192.168.1.206,10.0.0.226,10224,445,UDP,1753,0.14,None
2025-01-01 13:34:00,192.168.1.223,10.0.0.53,65202,443,UDP,88,0.55,None
2025-01-01 13:35:00,192.168.1.128,10.0.0.172,35021,443,UDP,418,0.11,None
2025-01-01 13:36:00,192.168.1.52,10.0.0.99,26635,22,TCP,806,0.05,None
2025-01-01 13:37:00,192.168.1.83,10.0.0.244,54761,3389,ICMP,200,0.66,None
2025-01-01 13:38:00,192.168.1.250,10.0.0.250,42259,443,ICMP,1184,0.54,None
2025-01-01 13:39:00,192.168.1.111,10.0.0.86,52916,22,UDP,1553,0.08,None
2025-01-01 13:40:00,192.168.1.144,10.0.0.108,36081,8080,ICMP,1509,0.03,None
2025-01-01 13:41:00,192.168.1.117,10.0.0.24,2263,8080,ICMP,1120,0.99,None
2025-01-01 13:42:00,192.168.1.69,10.0.0.81,39162,443,ICMP,1073,0.03,None
2025-01-01 13:43:00,192.168.1.99,10.0.0.202,49962,3389,UDP,1648,0.44,None
2025-01-01 13:44:00,192.168.1.140,10.0.0.158,1149,445,UDP,786,0.5,None
2025-01-01 13:45:00,192.168.1.25,10.0.0.120,62433,80,ICMP,1439,0.12,None
2025-01-01 13:46:00,192.168.1.180,10.0.0.59,46296,53,ICMP,118,0.17,malware_detected
2025-01-01 13:47:00,192.168.1.123,10.0.0.238,24881,3389,UDP,348,0.35,None
2025-01-01 13:48:00,192.168.1.213,10.0.0.215,62236,53,TCP,993,0.76,None
2025-01-01 13:49:00,192.168.1.228,10.0.0.128,59576,21,ICMP,851,0.51,None
2025-01-01 13:50:00,192.168.1.53,10.0.0.224,16422,8080,TCP,345,0.64,None
2025-01-01 13:51:00,192.168.1.151,10.0.0.209,55518,443,ICMP,252,0.99,None
2025-01-01 13:52:00,192.168.1.144,10.0.0.114,57527,443,TCP,110,0.77,None
2025-01-01 13:53:00,192.168.1.57,10.0.0.115,7662,53,TCP,995,0.43,None
2025-01-01 13:54:00,192.168.1.39,10.0.0.209,7594,445,TCP,1012,0.45,None
2025-01-01 13:55:00,192.168.1.109,10.0.0.14,4273,53,UDP,1903,0.62,None
2025-01-01 13:56:00,192.168.1.181,10.0.0.9,10134,21,TCP,1387,0.67,None
2025-01-01 13:57:00,192.168.1.42,10.0.0.40,41387,445,TCP,1234,0.5,None
2025-01-01 13:58:00,192.168.1.186,10.0.0.194,14629,21,TCP,380,0.64,None
2025-01-01 13:59:00,192.168.1.167,10.0.0.237,13139,80,ICMP,1601,0.02,None
2025-01-01 14:00:00,192.168.1.142,10.0.0.25,40086,8080,TCP,387,0.43,None
2025-01-01 14:01:00,192.168.1.223,10.0.0.103,23935,443,ICMP,1679,0.28,None
2025-01-01 14:02:00,192.168.1.122,10.0.0.201,39549,443,TCP,1377,0.13,None
2025-01-01 14:03:00,192.168.1.133,10.0.0.246,33580,80,TCP,1576,0.1,None
2025-01-01 14:04:00,192.168.1.163,10.0.0.22,13619,22,UDP,1723,0.6,None
2025-01-01 14:05:00,192.168.1.215,10.0.0.235,63823,8080,ICMP,1411,0.52,malware_detected
2025-01-01 14:06:00,192.168.1.221,10.0.0.238,2993,445,TCP,1623,0.25,None
2025-01-01 14:07:00,192.168.1.235,10.0.0.4,44777,80,ICMP,688,0.47,None
2025-01-01 14:08:00,192.168.1.75,10.0.0.154,18299,445,ICMP,324,0.49,None
2025-01-01 14:09:00,192.168.1.146,10.0.0.186,5494,53,UDP,1237,0.2,None
2025-01-01 14:10:00,192.168.1.239,10.0.0.29,57351,3389,UDP,1516,0.65,malware_detected
2025-01-01 14:11:00,192.168.1.76,10.0.0.109,11249,443,UDP,368,0.78,None
2025-01-01 14:12:00,192.168.1.9,10.0.0.98,43348,445,UDP,638,0.79,None
2025-01-01 14:13:00,192.168.1.74,10.0.0.215,58496,21,UDP,553,0.6,None
2025-01-01 14:14:00,192.168.1.186,10.0.0.37,42998,445,UDP,1759,0.51,None
2025-01-01 14:15:00,192.168.1.236,10.0.0.75,43783,3389,UDP,436,0.06,malware_detected
2025-01-01 14:16:00,192.168.1.145,10.0.0.70,24220,8080,UDP,919,0.29,None
2025-01-01 14:17:00,192.168.1.253,10.0.0.146,41311,443,TCP,882,0.09,malware_detected
2025-01-01 14:18:00,192.168.1.230,10.0.0.128,14693,53,ICMP,1064,0.96,None
2025-01-01 14:19:00,192.168.1.7,10.0.0.85,38404,80,UDP,1961,0.14,None
2025-01-01 14:20:00,192.168.1.174,10.0.0.42,59886,53,UDP,652,0.15,None
2025-01-01 14:21:00,192.168.1.141,10.0.0.100,46165,3389,ICMP,1823,0.89,None
2025-01-01 14:22:00,192.168.1.168,10.0.0.41,51374,443,TCP,1849,0.94,None
2025-01-01 14:23:00,192.168.1.170,10.0.0.166,62241,445,ICMP,740,0.77,None
2025-01-01 14:24:00,192.168.1.137,10.0.0.34,49344,8080,ICMP,543,0.01,None
2025-01-01 14:25:00,192.168.1.178,10.0.0.17,48438,22,UDP,539,0.0,None
2025-01-01 14:26:00,192.168.1.27,10.0.0.165,39030,8080,ICMP,770,0.38,None
2025-01-01 14:27:00,192.168.1.122,10.0.0.153,16601,22,ICMP,1146,0.14,None
2025-01-01 14:28:00,192.168.1.194,10.0.0.230,60842,21,UDP,558,0.02,None
2025-01-01 14:29:00,192.168.1.5,10.0.0.122,23497,8080,UDP,439,0.46,None
2025-01-01 14:30:00,192.168.1.29,10.0.0.76,61853,443,UDP,1692,0.94,None
2025-01-01 14:31:00,192.168.1.165,10.0.0.87,56433,22,UDP,1930,0.32,None
2025-01-01 14:32:00,192.168.1.166,10.0.0.117,29649,80,ICMP,344,0.66,None
2025-01-01 14:33:00,192.168.1.83,10.0.0.106,16528,443,ICMP,1442,0.65,None
2025-01-01 14:34:00,192.168.1.136,10.0.0.86,25113,80,TCP,845,0.25,None
2025-01-01 14:35:00,192.168.1.240,10.0.0.213,37511,8080,TCP,914,0.65,None
2025-01-01 14:36:00,192.168.1.109,10.0.0.27,1326,80,ICMP,1767,0.21,None
2025-01-01 14:37:00,192.168.1.65,10.0.0.57,32487,22,TCP,598,0.12,malware_detected
2025-01-01 14:38:00,192.168.1.86,10.0.0.31,45936,443,ICMP,698,0.7,None
2025-01-01 14:39:00,192.168.1.244,10.0.0.134,30283,445,TCP,1923,0.11,None
2025-01-01 14:40:00,192.168.1.145,10.0.0.219,51162,3389,UDP,617,1.0,None
2025-01-01 14:41:00,192.168.1.71,10.0.0.168,43847,22,TCP,1260,0.18,None
2025-01-01 14:42:00,192.168.1.217,10.0.0.98,38232,22,UDP,902,0.59,None
2025-01-01 14:43:00,192.168.1.45,10.0.0.12,55085,445,UDP,819,0.41,None
2025-01-01 14:44:00,192.168.1.132,10.0.0.237,31683,443,UDP,494,0.13,None
2025-01-01 14:45:00,192.168.1.36,10.0.0.249,65312,443,UDP,1643,0.03,malware_detected
2025-01-01 14:46:00,192.168.1.70,10.0.0.53,36864,53,TCP,412,0.62,None
2025-01-01 14:47:00,192.168.1.252,10.0.0.199,32914,8080,ICMP,172,0.81,None
2025-01-01 14:48:00,192.168.1.159,10.0.0.138,14622,80,UDP,1261,0.84,None
2025-01-01 14:49:00,192.168.1.19,10.0.0.173,48079,8080,TCP,791,0.48,None
2025-01-01 14:50:00,192.168.1.189,10.0.0.145,47757,445,UDP,729,0.78,malware_detected
2025-01-01 14:51:00,192.168.1.108,10.0.0.154,20532,8080,TCP,469,0.67,None
2025-01-01 14:52:00,192.168.1.182,10.0.0.213,43311,445,TCP,1699,0.72,None
2025-01-01 14:53:00,192.168.1.167,10.0.0.220,14404,443,TCP,1325,0.49,None
2025-01-01 14:54:00,192.168.1.91,10.0.0.190,28008,80,ICMP,1692,0.63,None
2025-01-01 14:55:00,192.168.1.202,10.0.0.122,45657,8080,TCP,1622,0.81,malware_detected
2025-01-01 14:56:00,192.168.1.90,10.0.0.46,9149,22,TCP,1408,0.4,None
2025-01-01 14:57:00,192.168.1.19,10.0.0.64,37083,21,ICMP,141,0.81,None
2025-01-01 14:58:00,192.168.1.39,10.0.0.130,5057,53,ICMP,1603,0.59,malware_detected
2025-01-01 14:59:00,192.168.1.126,10.0.0.252,38897,3389,TCP,1939,0.17,malware_detected
2025-01-01 15:00:00,192.168.1.195,10.0.0.54,18111,22,ICMP,112,0.02,None
2025-01-01 15:01:00,192.168.1.173,10.0.0.107,41925,443,UDP,1735,0.36,None
2025-01-01 15:02:00,192.168.1.141,10.0.0.193,50750,3389,UDP,561,0.55,None
2025-01-01 15:03:00,192.168.1.242,10.0.0.51,6728,21,ICMP,1212,0.84,None
2025-01-01 15:04:00,192.168.1.220,10.0.0.181,61600,21,ICMP,1771,0.13,None
2025-01-01 15:05:00,192.168.1.126,10.0.0.36,8872,80,TCP,1258,0.8,None
2025-01-01 15:06:00,192.168.1.58,10.0.0.115,22616,3389,ICMP,1278,0.86,None
2025-01-01 15:07:00,192.168.1.148,10.0.0.26,46767,80,TCP,821,0.15,None
2025-01-01 15:08:00,192.168.1.220,10.0.0.29,7948,22,UDP,1287,0.85,None
2025-01-01 15:09:00,192.168.1.200,10.0.0.149,28232,445,ICMP,305,0.99,None
2025-01-01 15:10:00,192.168.1.61,10.0.0.11,54004,445,TCP,184,0.73,None
2025-01-01 15:11:00,192.168.1.127,10.0.0.40,65100,445,TCP,1646,0.78,None
2025-01-01 15:12:00,192.168.1.105,10.0.0.11,20638,3389,UDP,924,0.99,None
2025-01-01 15:13:00,192.168.1.167,10.0.0.164,1512,445,ICMP,871,0.61,None
2025-01-01 15:14:00,192.168.1.1,10.0.0.113,40906,22,UDP,137,0.31,None
2025-01-01 15:15:00,192.168.1.131,10.0.0.187,26947,80,TCP,1909,0.84,None
2025-01-01 15:16:00,192.168.1.205,10.0.0.39,62049,3389,TCP,1037,0.61,None
2025-01-01 15:17:00,192.168.1.92,10.0.0.232,49532,80,ICMP,1280,0.58,None
2025-01-01 15:18:00,192.168.1.190,10.0.0.227,36965,3389,TCP,1202,0.25,None
2025-01-01 15:19:00,192.168.1.249,10.0.0.54,30189,80,ICMP,872,0.76,None
2025-01-01 15:20:00,192.168.1.191,10.0.0.98,2691,21,UDP,1076,0.08,None
2025-01-01 15:21:00,192.168.1.252,10.0.0.55,27237,80,ICMP,1023,0.92,None
2025-01-01 15:22:00,192.168.1.113,10.0.0.111,5138,445,ICMP,983,0.33,malware_detected
2025-01-01 15:23:00,192.168.1.153,10.0.0.152,37345,21,TCP,1827,0.13,None
2025-01-01 15:24:00,192.168.1.56,10.0.0.246,8785,80,TCP,170,0.44,None
2025-01-01 15:25:00,192.168.1.161,10.0.0.150,32140,3389,ICMP,1458,0.04,malware_detected
2025-01-01 15:26:00,192.168.1.166,10.0.0.69,34792,3389,TCP,1687,0.68,None
2025-01-01 15:27:00,192.168.1.117,10.0.0.56,49430,53,TCP,1111,0.9,None
2025-01-01 15:28:00,192.168.1.134,10.0.0.33,26450,3389,TCP,1414,0.84,None
2025-01-01 15:29:00,192.168.1.58,10.0.0.250,18796,443,ICMP,1057,0.13,malware_detected
2025-01-01 15:30:00,192.168.1.44,10.0.0.36,39242,22,TCP,974,0.13,None
2025-01-01 15:31:00,192.168.1.173,10.0.0.239,4736,3389,ICMP,694,0.81,None
2025-01-01 15:32:00,192.168.1.160,10.0.0.148,2391,21,TCP,763,0.92,None
2025-01-01 15:33:00,192.168.1.173,10.0.0.211,41981,53,UDP,909,0.46,None
2025-01-01 15:34:00,192.168.1.61,10.0.0.227,42805,3389,TCP,70,0.5,None
2025-01-01 15:35:00,192.168.1.47,10.0.0.244,50630,443,TCP,291,0.32,None
2025-01-01 15:36:00,192.168.1.149,10.0.0.235,27224,445,ICMP,504,0.89,None
2025-01-01 15:37:00,192.168.1.80,10.0.0.81,52948,21,ICMP,1012,0.64,None
2025-01-01 15:38:00,192.168.1.118,10.0.0.190,4750,443,TCP,670,0.29,None
2025-01-01 15:39:00,192.168.1.213,10.0.0.251,24640,445,UDP,352,0.3,None
2025-01-01 15:40:00,192.168.1.203,10.0.0.109,28747,8080,TCP,1669,0.89,None
2025-01-01 15:41:00,192.168.1.252,10.0.0.235,62457,8080,TCP,1668,0.01,None
2025-01-01 15:42:00,192.168.1.229,10.0.0.226,38598,21,UDP,852,0.32,None
2025-01-01 15:43:00,192.168.1.164,10.0.0.201,35982,80,ICMP,1013,0.55,None
2025-01-01 15:44:00,192.168.1.227,10.0.0.154,10132,22,TCP,118,0.15,None
2025-01-01 15:45:00,192.168.1.147,10.0.0.194,13202,53,ICMP,1202,0.09,None
2025-01-01 15:46:00,192.168.1.20,10.0.0.245,36667,22,ICMP,245,0.82,None
2025-01-01 15:47:00,192.168.1.185,10.0.0.73,32348,443,UDP,189,0.89,None
2025-01-01 15:48:00,192.168.1.146,10.0.0.201,39384,445,UDP,1517,0.82,None
2025-01-01 15:49:00,192.168.1.47,10.0.0.40,18848,22,ICMP,332,0.9,None
2025-01-01 15:50:00,192.168.1.233,10.0.0.17,46384,445,TCP,361,0.55,malware_detected
2025-01-01 15:51:00,192.168.1.49,10.0.0.129,9951,445,ICMP,795,0.81,malware_detected
2025-01-01 15:52:00,192.168.1.14,10.0.0.217,29168,443,TCP,1608,0.38,None
2025-01-01 15:53:00,192.168.1.143,10.0.0.61,32034,443,TCP,1738,0.67,None
2025-01-01 15:54:00,192.168.1.159,10.0.0.171,23467,443,UDP,326,0.99,None
2025-01-01 15:55:00,192.168.1.1,10.0.0.104,15461,22,TCP,110,0.23,None
2025-01-01 15:56:00,192.168.1.117,10.0.0.42,64473,8080,TCP,1392,0.39,None
2025-01-01 15:57:00,192.168.1.54,10.0.0.25,45322,443,ICMP,1963,0.48,malware_detected
2025-01-01 15:58:00,192.168.1.118,10.0.0.39,40802,53,UDP,101,0.14,None
2025-01-01 15:59:00,192.168.1.3,10.0.0.35,12231,22,TCP,1929,0.08,malware_detected
2025-01-01 16:00:00,192.168.1.144,10.0.0.131,57293,443,TCP,202,0.83,None
2025-01-01 16:01:00,192.168.1.215,10.0.0.242,61257,3389,UDP,1822,0.98,None
2025-01-01 16:02:00,192.168.1.185,10.0.0.229,26561,445,ICMP,1384,0.4,None
2025-01-01 16:03:00,192.168.1.203,10.0.0.108,36781,53,UDP,1887,0.09,None
2025-01-01 16:04:00,192.168.1.12,10.0.0.172,13064,443,UDP,593,0.07,None
2025-01-01 16:05:00,192.168.1.74,10.0.0.179,43010,21,TCP,616,0.89,None
2025-01-01 16:06:00,192.168.1.224,10.0.0.222,23636,445,TCP,1937,0.46,None
2025-01-01 16:07:00,192.168.1.16,10.0.0.102,29465,445,ICMP,1462,0.32,None
2025-01-01 16:08:00,192.168.1.200,10.0.0.98,7495,443,TCP,1621,0.48,None
2025-01-01 16:09:00,192.168.1.102,10.0.0.12,36655,8080,TCP,671,0.32,None
2025-01-01 16:10:00,192.168.1.204,10.0.0.19,63937,80,UDP,1250,0.49,None
2025-01-01 16:11:00,192.168.1.152,10.0.0.101,44485,8080,TCP,1435,0.86,None
2025-01-01 16:12:00,192.168.1.156,10.0.0.44,27547,443,ICMP,363,0.59,malware_detected
2025-01-01 16:13:00,192.168.1.117,10.0.0.187,32372,445,UDP,856,0.69,None
2025-01-01 16:14:00,192.168.1.8,10.0.0.251,2201,53,ICMP,897,0.36,None
2025-01-01 16:15:00,192.168.1.122,10.0.0.49,5784,21,UDP,146,0.74,None
2025-01-01 16:16:00,192.168.1.92,10.0.0.189,33803,53,TCP,930,0.67,None
2025-01-01 16:17:00,192.168.1.164,10.0.0.17,22660,53,UDP,1286,0.12,None
2025-01-01 16:18:00,192.168.1.90,10.0.0.74,17377,445,UDP,878,0.57,None
2025-01-01 16:19:00,192.168.1.136,10.0.0.57,54575,8080,TCP,186,0.26,None
2025-01-01 16:20:00,192.168.1.186,10.0.0.55,12580,21,TCP,1079,0.8,None
2025-01-01 16:21:00,192.168.1.60,10.0.0.241,28622,22,ICMP,1060,0.43,None
2025-01-01 16:22:00,192.168.1.178,10.0.0.47,12587,3389,ICMP,158,0.99,malware_detected
2025-01-01 16:23:00,192.168.1.28,10.0.0.12,47843,445,TCP,596,0.09,malware_detected
2025-01-01 16:24:00,192.168.1.220,10.0.0.62,44814,443,TCP,1112,0.78,None
2025-01-01 16:25:00,192.168.1.101,10.0.0.80,9258,22,TCP,711,0.67,None
2025-01-01 16:26:00,192.168.1.41,10.0.0.216,26543,3389,UDP,474,0.77,None
2025-01-01 16:27:00,192.168.1.228,10.0.0.83,27990,443,UDP,679,0.31,None
2025-01-01 16:28:00,192.168.1.192,10.0.0.8,55621,53,UDP,310,0.49,None
2025-01-01 16:29:00,192.168.1.155,10.0.0.223,17197,80,TCP,1499,0.8,None
2025-01-01 16:30:00,192.168.1.246,10.0.0.149,60913,443,ICMP,136,0.23,malware_detected
2025-01-01 16:31:00,192.168.1.191,10.0.0.81,28011,21,TCP,514,0.23,malware_detected
2025-01-01 16:32:00,192.168.1.145,10.0.0.215,14202,21,UDP,125,0.55,None
2025-01-01 16:33:00,192.168.1.201,10.0.0.229,40362,80,UDP,520,0.52,None
2025-01-01 16:34:00,192.168.1.161,10.0.0.118,59372,22,TCP,463,0.28,None
2025-01-01 16:35:00,192.168.1.245,10.0.0.208,25620,3389,TCP,874,0.3,None
2025-01-01 16:36:00,192.168.1.212,10.0.0.198,34198,443,UDP,944,0.28,None
2025-01-01 16:37:00,192.168.1.205,10.0.0.200,65130,21,UDP,775,0.77,None
2025-01-01 16:38:00,192.168.1.220,10.0.0.25,42998,22,UDP,506,0.65,malware_detected
2025-01-01 16:39:00,192.168.1.240,10.0.0.210,5455,80,TCP,1358,0.83,None
